drinker,bar
Angele Scheck,Aldo Sohm Wine Bar
Bev Mund,Aldo Sohm Wine Bar
Britta Bernardi,Aldo Sohm Wine Bar
Buena Sowell,Aldo Sohm Wine Bar
Elmer Million,Aldo Sohm Wine Bar
Fern Speir,Aldo Sohm Wine Bar
Florentina Matson,Aldo Sohm Wine Bar
Garfield Rieger,Aldo Sohm Wine Bar
Kami Alred,Aldo Sohm Wine Bar
Kasha Dimatteo,Aldo Sohm Wine Bar
Lisabeth Gethers,Aldo Sohm Wine Bar
Mickie Barreiro,Aldo Sohm Wine Bar
Necole Welte,Aldo Sohm Wine Bar
Norbert Furby,Aldo Sohm Wine Bar
Ollie Risher,Aldo Sohm Wine Bar
Randy Voigt,Aldo Sohm Wine Bar
Sharyn Maclean,Aldo Sohm Wine Bar
Valorie Isaacson,Aldo Sohm Wine Bar
Agueda Treat,Angel’s Share
Alissa Bob,Angel’s Share
Amie Clampitt,Angel’s Share
Annalee Keeth,Angel’s Share
Carly Argo,Angel’s Share
Chong Scarborough,Angel’s Share
Chris Stice,Angel’s Share
Darin Weekes,Angel’s Share
Elana Barger,Angel’s Share
Ilona Reding,Angel’s Share
Jeanene Student,Angel’s Share
Jina Mcburney,Angel’s Share
Joye Deangelo,Angel’s Share
Lavone Manns,Angel’s Share
Lavonia Haymond,Angel’s Share
Madelyn Whitesell,Angel’s Share
Miesha Coke,Angel’s Share
Monserrate Romine,Angel’s Share
Nathanial Campbell,Angel’s Share
Necole Welte,Angel’s Share
Noah Suzuki,Angel’s Share
Ronald Bodin,Angel’s Share
Sharmaine Boren,Angel’s Share
Shavonda Hutchins,Angel’s Share
Shera Cacciatore,Angel’s Share
Stewart Suther,Angel’s Share
Alta Jarnigan,Attaboy
Andria Valadez,Attaboy
Angele Scheck,Attaboy
Ira Fralick,Attaboy
Juliette Hervey,Attaboy
Lisha Bence,Attaboy
Mayra Newbold,Attaboy
Miesha Coke,Attaboy
Necole Welte,Attaboy
Rozanne Youngblood,Attaboy
Shena Marsch,Attaboy
Shery Tallarico,Attaboy
Stewart Suther,Attaboy
Tanna Striegel,Attaboy
Tom Laub,Attaboy
Wilfred Hennis,Attaboy
Dulce Nuckols,Bar Goto
Elmer Million,Bar Goto
Gala Hong,Bar Goto
Leatrice Nastasi,Bar Goto
Leonida Waldow,Bar Goto
Lisha Bence,Bar Goto
Marco Dagostino,Bar Goto
Oralee Burciaga,Bar Goto
Roberta Hadden,Bar Goto
Stewart Suther,Bar Goto
Tanna Striegel,Bar Goto
Tasia Kempf,Bar Goto
Tomi Hibbitts,Bar Goto
Trish Regis,Bar Goto
Vannesa Saucier,Bar Goto
Wilfred Hennis,Bar Goto
Alexa Steppe,Blind Tiger Ale House
Angla Stookey,Blind Tiger Ale House
Anissa Matherly,Blind Tiger Ale House
Belle Tow,Blind Tiger Ale House
Elton Bigler,Blind Tiger Ale House
Giovanny Malsam,Blind Tiger Ale House
Jeanmarie Vanness,Blind Tiger Ale House
Ken Gargano,Blind Tiger Ale House
Lavone Manns,Blind Tiger Ale House
Lovie Simmons,Blind Tiger Ale House
Marquetta Hollis,Blind Tiger Ale House
Mayra Mash,Blind Tiger Ale House
Reyna Luke,Blind Tiger Ale House
Roselle Kenny,Blind Tiger Ale House
Shera Cacciatore,Blind Tiger Ale House
Siu Adcox,Blind Tiger Ale House
Sunday Makowski,Blind Tiger Ale House
Thora Mcguffie,Blind Tiger Ale House
Wyatt Zipp,Blind Tiger Ale House
Abel Graziano,Broken Shaker
Adriane Boaz,Broken Shaker
Agueda Treat,Broken Shaker
Alta Jarnigan,Broken Shaker
Annalee Keeth,Broken Shaker
Carly Argo,Broken Shaker
Dorinda Carwile,Broken Shaker
Duncan Olin,Broken Shaker
Elenore Brigance,Broken Shaker
Halina Cameron,Broken Shaker
Irving Plumlee,Broken Shaker
Jasmin Babb,Broken Shaker
Kelsi Winnie,Broken Shaker
Maud Frank,Broken Shaker
Mayra Mash,Broken Shaker
Oralee Burciaga,Broken Shaker
Porfirio Moschella,Broken Shaker
Rosalyn Mestas,Broken Shaker
Rozanne Youngblood,Broken Shaker
Terri Pouncy,Broken Shaker
Terry Caple,Broken Shaker
Alexa Steppe,Clover Club
Ammie Revels,Clover Club
Carroll Baine,Clover Club
Debera Maisch,Clover Club
Elise Bilby,Clover Club
Estefana Augustyn,Clover Club
Fumiko Patlan,Clover Club
Joelle Meza,Clover Club
Rochel Hollomon,Clover Club
Rupert Hurless,Clover Club
Shaniqua Mcwhirter,Clover Club
Shavonda Hutchins,Clover Club
Shera Cacciatore,Clover Club
Sunday Makowski,Clover Club
Alexia Spraggs,Dante
Angla Stookey,Dante
Anissa Matherly,Dante
Britney Tyre,Dante
Cheryll Grant,Dante
Contessa Vandyke,Dante
Drusilla Reno,Dante
Florentina Matson,Dante
Garfield Rieger,Dante
Jefferey Chavous,Dante
Ken Gargano,Dante
Lavone Manns,Dante
Lilian Donahue,Dante
Lisabeth Gethers,Dante
Nakita Costin,Dante
Randy Voigt,Dante
Contessa Vandyke,Dear Irving
Creola Stgelais,Dear Irving
Darin Weekes,Dear Irving
Dionne Degreenia,Dear Irving
Halina Cameron,Dear Irving
Malik Lanza,Dear Irving
Malvina Gibney,Dear Irving
Nickie Blakemore,Dear Irving
Shery Tallarico,Dear Irving
Son Lanni,Dear Irving
Wyatt Zipp,Dear Irving
Alta Jarnigan,Death & Company
Cassie Sak,Death & Company
Cleotilde Mcfarren,Death & Company
Drusilla Reno,Death & Company
Elia Huynh,Death & Company
Fumiko Patlan,Death & Company
Heath Hulen,Death & Company
Ira Fralick,Death & Company
Irving Plumlee,Death & Company
Jeanene Student,Death & Company
Juliette Hervey,Death & Company
Lael Mertens,Death & Company
Malvina Gibney,Death & Company
Mathilde Folks,Death & Company
Mickie Barreiro,Death & Company
Miki Leclaire,Death & Company
Randal Lamberti,Death & Company
Scott Basta,Death & Company
Skye Wragg,Death & Company
Tomi Hibbitts,Death & Company
Trish Regis,Death & Company
Bok Sugar,Dutch Kills
Candace Vanpelt,Dutch Kills
Fern Speir,Dutch Kills
Florentina Matson,Dutch Kills
Gabriela Mackay,Dutch Kills
Jasmin Babb,Dutch Kills
Jefferey Chavous,Dutch Kills
Kami Alred,Dutch Kills
Kelsi Winnie,Dutch Kills
Lael Mertens,Dutch Kills
Leatrice Nastasi,Dutch Kills
Marco Dagostino,Dutch Kills
Meta Fleckenstein,Dutch Kills
Michaele Fling,Dutch Kills
Monserrate Romine,Dutch Kills
Nakita Costin,Dutch Kills
Nona Fasano,Dutch Kills
Rita Mcalpine,Dutch Kills
Ronald Bodin,Dutch Kills
Roselle Kenny,Dutch Kills
Rupert Hurless,Dutch Kills
Santina Auten,Dutch Kills
Scott Basta,Dutch Kills
Shenika Welle,Dutch Kills
Siu Adcox,Dutch Kills
Thora Mcguffie,Dutch Kills
Wyatt Zipp,Dutch Kills
Agueda Treat,Employees Only
Avis Christner,Employees Only
Bok Sugar,Employees Only
Chris Stice,Employees Only
Darin Weekes,Employees Only
Eliseo Morra,Employees Only
Eloisa Fishman,Employees Only
Elton Bigler,Employees Only
Fidela Hannibal,Employees Only
Gretta Bourke,Employees Only
Jeanmarie Vanness,Employees Only
Joellen Connors,Employees Only
Lovie Simmons,Employees Only
Michaele Fling,Employees Only
Monnie Hachey,Employees Only
Ronald Bodin,Employees Only
Rosalyn Mestas,Employees Only
Roxane Cai,Employees Only
Rupert Rothschild,Employees Only
Stephenie Gumbs,Employees Only
Vannesa Saucier,Employees Only
Yevette Rawles,Employees Only
Benedict Rackers,Ghost Donkey
Bernie Pilcher,Ghost Donkey
Cheryll Grant,Ghost Donkey
Debera Maisch,Ghost Donkey
Dionne Degreenia,Ghost Donkey
Eda Oscar,Ghost Donkey
Heath Hulen,Ghost Donkey
Heide Correll,Ghost Donkey
Marquetta Hollis,Ghost Donkey
Mickie Barreiro,Ghost Donkey
Miguelina Sick,Ghost Donkey
Mikaela Toledo,Ghost Donkey
Reyna Luke,Ghost Donkey
Sheryl Graydon,Ghost Donkey
Zenaida Baudoin,Ghost Donkey
Agueda Paek,Holiday Cocktail Lounge
Alexa Steppe,Holiday Cocktail Lounge
Augustus Helget,Holiday Cocktail Lounge
Avis Christner,Holiday Cocktail Lounge
Chong Scarborough,Holiday Cocktail Lounge
Contessa Vandyke,Holiday Cocktail Lounge
Damion Wiegand,Holiday Cocktail Lounge
Elenore Brigance,Holiday Cocktail Lounge
Giovanny Malsam,Holiday Cocktail Lounge
Lilian Donahue,Holiday Cocktail Lounge
Norbert Furby,Holiday Cocktail Lounge
Ollie Risher,Holiday Cocktail Lounge
Roberta Hadden,Holiday Cocktail Lounge
Rupert Rothschild,Holiday Cocktail Lounge
Shavonda Hutchins,Holiday Cocktail Lounge
Shena Marsch,Holiday Cocktail Lounge
Tom Laub,Holiday Cocktail Lounge
Yevette Rawles,Holiday Cocktail Lounge
Augustus Helget,Mace
Bart No,Mace
Britney Tyre,Mace
Candace Vanpelt,Mace
Cleotilde Mcfarren,Mace
Coy Coger,Mace
Drusilla Reno,Mace
Duncan Olin,Mace
Elise Bilby,Mace
Eliseo Morra,Mace
Irene Deluca,Mace
Jefferey Chavous,Mace
Joellen Connors,Mace
Kizzie Goltz,Mace
Mathilde Folks,Mace
Maud Frank,Mace
Meredith Singleterry,Mace
Miki Leclaire,Mace
Porfirio Moschella,Mace
Tamatha Missildine,Mace
Tom Laub,Mace
Tomi Hibbitts,Mace
Wilbert Chatmon,Mace
Zenaida Baudoin,Mace
Amie Clampitt,Maison Premiere
Annalee Keeth,Maison Premiere
Belle Tow,Maison Premiere
Britney Tyre,Maison Premiere
Eliseo Morra,Maison Premiere
Eloisa Fishman,Maison Premiere
Janella Lane,Maison Premiere
Joye Deangelo,Maison Premiere
Lavonia Haymond,Maison Premiere
Lory Kramer,Maison Premiere
Marla Eves,Maison Premiere
Miguelina Sick,Maison Premiere
Miki Leclaire,Maison Premiere
Noah Suzuki,Maison Premiere
Sharmaine Boren,Maison Premiere
Sharyn Maclean,Maison Premiere
Stephenie Gumbs,Maison Premiere
Synthia Lavigne,Maison Premiere
Tamatha Missildine,Maison Premiere
Thora Mcguffie,Maison Premiere
Adriane Boaz,Mayahuel
Britta Bernardi,Mayahuel
Buena Sowell,Mayahuel
Chong Scarborough,Mayahuel
Damion Wiegand,Mayahuel
Elana Barger,Mayahuel
Elise Bilby,Mayahuel
Fairy Edwards,Mayahuel
Giovanny Malsam,Mayahuel
Gretta Bourke,Mayahuel
Heath Hulen,Mayahuel
Janella Lane,Mayahuel
Jeanmarie Vanness,Mayahuel
Marcus Griffin,Mayahuel
Meredith Singleterry,Mayahuel
Monnie Hachey,Mayahuel
Noah Suzuki,Mayahuel
Refugio Hanzlik,Mayahuel
Rochel Hollomon,Mayahuel
Skye Wragg,Mayahuel
Ursula Scarboro,Mayahuel
Wilbert Chatmon,Mayahuel
Yasmin Ronco,Mayahuel
Bernie Pilcher,McSorley’s Old Ale House
Creola Stgelais,McSorley’s Old Ale House
Dolly Booe,McSorley’s Old Ale House
Estefana Augustyn,McSorley’s Old Ale House
Fidela Hannibal,McSorley’s Old Ale House
Frederic Schade,McSorley’s Old Ale House
Irene Deluca,McSorley’s Old Ale House
Juliann Murrill,McSorley’s Old Ale House
Juliette Hervey,McSorley’s Old Ale House
Kizzie Goltz,McSorley’s Old Ale House
Magda Manners,McSorley’s Old Ale House
Marquetta Hollis,McSorley’s Old Ale House
Meta Fleckenstein,McSorley’s Old Ale House
Miguelina Sick,McSorley’s Old Ale House
Rita Mcalpine,McSorley’s Old Ale House
Rosalyn Mestas,McSorley’s Old Ale House
Sheryl Graydon,McSorley’s Old Ale House
Skye Wragg,McSorley’s Old Ale House
Tamatha Missildine,McSorley’s Old Ale House
Terri Pouncy,McSorley’s Old Ale House
Willette Brosius,McSorley’s Old Ale House
Ammie Revels,Nitecap
Bernie Pilcher,Nitecap
Cami Weldon,Nitecap
Dulce Nuckols,Nitecap
Elmer Million,Nitecap
Irving Plumlee,Nitecap
Joellen Connors,Nitecap
Kathaleen Lenard,Nitecap
Lovie Simmons,Nitecap
Magda Manners,Nitecap
Meta Fleckenstein,Nitecap
Nathanial Campbell,Nitecap
Porfirio Moschella,Nitecap
Randal Lamberti,Nitecap
Shenika Welle,Nitecap
Trish Regis,Nitecap
Alissa Bob,Pegu Club
Avis Christner,Pegu Club
Bok Sugar,Pegu Club
Dolly Booe,Pegu Club
Eda Oscar,Pegu Club
Frederic Schade,Pegu Club
Garfield Rieger,Pegu Club
Malvina Gibney,Pegu Club
Mikaela Toledo,Pegu Club
Milton Stenberg,Pegu Club
Phil Mansfield,Pegu Club
Randal Lamberti,Pegu Club
Refugio Hanzlik,Pegu Club
Sheryl Graydon,Pegu Club
Sunday Makowski,Pegu Club
Ursula Scarboro,Pegu Club
Versie Tebbs,Pegu Club
Ammie Revels,Please Don't Tell
Belle Tow,Please Don't Tell
Bev Mund,Please Don't Tell
Cassie Sak,Please Don't Tell
Dolly Booe,Please Don't Tell
Elana Barger,Please Don't Tell
Eloisa Fishman,Please Don't Tell
Estefana Augustyn,Please Don't Tell
Fidela Hannibal,Please Don't Tell
Gabriela Mackay,Please Don't Tell
Ilona Reding,Please Don't Tell
Jc Dunfee,Please Don't Tell
Lilian Donahue,Please Don't Tell
Madelyn Whitesell,Please Don't Tell
Malik Lanza,Please Don't Tell
Margo Faunce,Please Don't Tell
Milton Stenberg,Please Don't Tell
Oralee Burciaga,Please Don't Tell
Rita Mcalpine,Please Don't Tell
Roberta Hadden,Please Don't Tell
Shaniqua Mcwhirter,Please Don't Tell
Shery Tallarico,Please Don't Tell
Siu Adcox,Please Don't Tell
Son Lanni,Please Don't Tell
Starr Isabelle,Please Don't Tell
Tanna Striegel,Please Don't Tell
Tod Lyman,Please Don't Tell
Valorie Isaacson,Please Don't Tell
Alexia Spraggs,Pouring Ribbons
Angla Stookey,Pouring Ribbons
Bev Mund,Pouring Ribbons
Cassie Sak,Pouring Ribbons
Heide Correll,Pouring Ribbons
Joelle Meza,Pouring Ribbons
Juliann Murrill,Pouring Ribbons
Kasha Dimatteo,Pouring Ribbons
Kizzie Goltz,Pouring Ribbons
Magda Manners,Pouring Ribbons
Mikaela Toledo,Pouring Ribbons
Milton Stenberg,Pouring Ribbons
Nickie Blakemore,Pouring Ribbons
Tasia Kempf,Pouring Ribbons
Terry Caple,Pouring Ribbons
Versie Tebbs,Pouring Ribbons
Adriane Boaz,Primo’s
Alexander Versace,Primo’s
Bart No,Primo’s
Dionne Degreenia,Primo’s
Duncan Olin,Primo’s
Gil Millspaugh,Primo’s
Jessia Flippin,Primo’s
Margo Faunce,Primo’s
Mathilde Folks,Primo’s
Mayra Mash,Primo’s
Phil Mansfield,Primo’s
Randy Voigt,Primo’s
Robbyn Kappel,Primo’s
Rozanne Youngblood,Primo’s
Rupert Rothschild,Primo’s
Synthia Lavigne,Primo’s
Trent Blackledge,Primo’s
Wilbert Chatmon,Primo’s
Yasmin Ronco,Primo’s
Yevette Rawles,Primo’s
Alexander Versace,Raines Law Room
Alexia Spraggs,Raines Law Room
Coy Coger,Raines Law Room
Ilona Reding,Raines Law Room
Ken Gargano,Raines Law Room
Nakita Costin,Raines Law Room
Starr Isabelle,Raines Law Room
Stephenie Gumbs,Raines Law Room
Synthia Lavigne,Raines Law Room
Abel Graziano,Slowly Shirley
Benedict Rackers,Slowly Shirley
Chris Stice,Slowly Shirley
Fairy Edwards,Slowly Shirley
Gala Hong,Slowly Shirley
Kelsi Winnie,Slowly Shirley
Marchelle Boulter,Slowly Shirley
Nona Fasano,Slowly Shirley
Refugio Hanzlik,Slowly Shirley
Robbyn Kappel,Slowly Shirley
Roxane Cai,Slowly Shirley
Santina Auten,Slowly Shirley
Shaniqua Mcwhirter,Slowly Shirley
Sharyn Maclean,Slowly Shirley
Willette Brosius,Slowly Shirley
Zenaida Baudoin,Slowly Shirley
Jc Dunfee,The Aviary NYC
Joye Deangelo,The Aviary NYC
Kathaleen Lenard,The Aviary NYC
Lory Kramer,The Aviary NYC
Marcus Griffin,The Aviary NYC
Norbert Furby,The Aviary NYC
Ollie Risher,The Aviary NYC
Roselle Kenny,The Aviary NYC
Son Lanni,The Aviary NYC
Tod Lyman,The Aviary NYC
Ursula Scarboro,The Aviary NYC
Alexander Versace,The Dead Rabbit
Carly Argo,The Dead Rabbit
Cleotilde Mcfarren,The Dead Rabbit
Eda Oscar,The Dead Rabbit
Fumiko Patlan,The Dead Rabbit
Gala Hong,The Dead Rabbit
Heide Correll,The Dead Rabbit
Irene Deluca,The Dead Rabbit
Janella Lane,The Dead Rabbit
Jc Dunfee,The Dead Rabbit
Jeanene Student,The Dead Rabbit
Jessia Flippin,The Dead Rabbit
Leonida Waldow,The Dead Rabbit
Marco Dagostino,The Dead Rabbit
Monnie Hachey,The Dead Rabbit
Monserrate Romine,The Dead Rabbit
Roxane Cai,The Dead Rabbit
Santina Auten,The Dead Rabbit
Scott Basta,The Dead Rabbit
Shenika Welle,The Dead Rabbit
Sondra Cardona,The Dead Rabbit
Tasia Kempf,The Dead Rabbit
Tod Lyman,The Dead Rabbit
Vannesa Saucier,The Dead Rabbit
Versie Tebbs,The Dead Rabbit
Amie Clampitt,The Honeywell
Andria Valadez,The Honeywell
Buena Sowell,The Honeywell
Cami Weldon,The Honeywell
Damion Wiegand,The Honeywell
Elia Huynh,The Honeywell
Fairy Edwards,The Honeywell
Georgiann Corzine,The Honeywell
Gil Millspaugh,The Honeywell
Ira Fralick,The Honeywell
Jessia Flippin,The Honeywell
Jina Mcburney,The Honeywell
Kathaleen Lenard,The Honeywell
Lisha Bence,The Honeywell
Marcus Griffin,The Honeywell
Marla Eves,The Honeywell
Nathanial Campbell,The Honeywell
Robbyn Kappel,The Honeywell
Rochel Hollomon,The Honeywell
Sondra Cardona,The Honeywell
Trent Blackledge,The Honeywell
Willette Brosius,The Honeywell
Abel Graziano,The NoMad Bar
Agueda Paek,The NoMad Bar
Anissa Matherly,The NoMad Bar
Augustus Helget,The NoMad Bar
Bart No,The NoMad Bar
Benedict Rackers,The NoMad Bar
Britta Bernardi,The NoMad Bar
Candace Vanpelt,The NoMad Bar
Coy Coger,The NoMad Bar
Fern Speir,The NoMad Bar
Georgiann Corzine,The NoMad Bar
Gil Millspaugh,The NoMad Bar
Lael Mertens,The NoMad Bar
Lavonia Haymond,The NoMad Bar
Leatrice Nastasi,The NoMad Bar
Lisabeth Gethers,The NoMad Bar
Lory Kramer,The NoMad Bar
Malik Lanza,The NoMad Bar
Marchelle Boulter,The NoMad Bar
Margo Faunce,The NoMad Bar
Meredith Singleterry,The NoMad Bar
Nickie Blakemore,The NoMad Bar
Nona Fasano,The NoMad Bar
Sharmaine Boren,The NoMad Bar
Starr Isabelle,The NoMad Bar
Terry Caple,The NoMad Bar
Trent Blackledge,The NoMad Bar
Wilfred Hennis,The NoMad Bar
Yasmin Ronco,The NoMad Bar
Agueda Paek,Tørst
Andria Valadez,Tørst
Angele Scheck,Tørst
Cami Weldon,Tørst
Carroll Baine,Tørst
Creola Stgelais,Tørst
Debera Maisch,Tørst
Frederic Schade,Tørst
Georgiann Corzine,Tørst
Jasmin Babb,Tørst
Joelle Meza,Tørst
Juliann Murrill,Tørst
Maud Frank,Tørst
Mayra Newbold,Tørst
Michaele Fling,Tørst
Miesha Coke,Tørst
Phil Mansfield,Tørst
Reyna Luke,Tørst
Shena Marsch,Tørst
Dierdre Shelby,Bar5
Eugenio Stong,Bar5
Bunny Wertz,Bar5
Carleen Eastwood,Bar5
Trisha Schurg,Bar5
Evie Fisk,Bar5
Cassi Radney,Bar5
Gerard Treiber,Bar5
Stan Duffey,Bar5
Shu Ruggerio,Bar5
Shamika Marlar,Bar5
Delaine Nader,Bar5
Alphonse Brochu,Bar5
Blondell Amos,Bar5
Yevette Cowherd,Bar5
Saturnina Zakrzewski,Bar5
Ailene Geers,Bar5
Laquita Dismukes,Bar5
Steffanie Titcomb,Bar5
Seth Goff,Bar5
Lindy League,Bar5
Noemi Matula,Bar5
Devin Arora,Bar5
Charlene Rood,Bar5
Rubye Roa,Bar5
Loni Dann,Bar5
Chas Loan,Bar5
Fernanda Timko,Bar5
Vicente Hintzen,Bar5
Nobuko Ruark,Bar5
Shaunte Vandenbosch,Bar5
Shavonda Brissette,Bar5
Gaylord Jett,Bar5
Reid Swink,Bar5
Agustina Dover,Bar5
Lacresha Tripodi,Bar5
Milton Claypool,Bar5
Syreeta Epperson,Bar5
Sonya Crumrine,Bar5
Edna Wen,Bar5
Wendolyn Pedraza,Bar5
Maryland Wishart,Bar5
Anglea Jeanpierre,Bar5
Sherlene Winstead,Bar5
Gordon Duchesne,Bar5
Jayna Granada,Bar5
Theo Sproul,Bar5
Shavonda Brissette,Federal Cafe
Gaylord Jett,Federal Cafe
Reid Swink,Federal Cafe
Agustina Dover,Federal Cafe
Lacresha Tripodi,Federal Cafe
Milton Claypool,Federal Cafe
Syreeta Epperson,Federal Cafe
Sonya Crumrine,Federal Cafe
Edna Wen,Federal Cafe
Wendolyn Pedraza,Federal Cafe
Maryland Wishart,Federal Cafe
Anglea Jeanpierre,Federal Cafe
Sherlene Winstead,Federal Cafe
Gordon Duchesne,Federal Cafe
Jayna Granada,Federal Cafe
Theo Sproul,Federal Cafe
Larraine Snipes,Federal Cafe
Stacie Seda,Federal Cafe
Marine Muirhead,Federal Cafe
Domonique Francia,Federal Cafe
Jay Heinemann,Federal Cafe
Raymon Pawlik,Federal Cafe
Sol Gress,Federal Cafe
Mariette Krupa,Federal Cafe
Mei Shao,Federal Cafe
Nichol Havel,Federal Cafe
Shenita Imel,Federal Cafe
Demarcus Kohut,Federal Cafe
Charles Gorton,Federal Cafe
Janie Littell,Federal Cafe
Natalia Kitzmiller,Federal Cafe
Suzan Gaines,Federal Cafe
Alex Hammaker,Federal Cafe
Lynwood Mcneal,Federal Cafe
Sylvester Gaudette,Federal Cafe
Simonne Bare,Federal Cafe
Evelia Linton,Federal Cafe
Carmelina Volpe,Federal Cafe
Layne Seely,Federal Cafe
Anton Kallenbach,Federal Cafe
Jef Ashbaugh,Federal Cafe
Candyce Treadwell,Federal Cafe
Rocco Dollinger,Federal Cafe
Brant Rodi,Federal Cafe
Damon Prada,Federal Cafe
Isabelle Omar,Federal Cafe
Marna Jordahl,Federal Cafe
Masako Mccranie,L BAR
Elba Bissett,L BAR
Latrice Lamas,L BAR
Cassaundra Lebowitz,L BAR
Twana Lago,L BAR
Yasuko Beer,L BAR
Parker Searls,L BAR
Margret Falzone,L BAR
Karey Tietjen,L BAR
Rachal Mattes,L BAR
Melanie Austin,L BAR
Laine Spagnoli,L BAR
Dinah July,L BAR
Genevieve Schrage,L BAR
Lucas Croyle,L BAR
Irish Rameau,L BAR
Erlinda Brooker,L BAR
Shauna Brehmer,L BAR
Nga Kerekes,L BAR
Paulette Sellman,L BAR
Yuriko Bracamonte,L BAR
Desire Pelzer,L BAR
Laverne Jakes,L BAR
Lashawn Bonds,L BAR
Pasquale Kenison,L BAR
Luella Shoemake,L BAR
Elden Hochmuth,L BAR
Tawana Molder,L BAR
Pearl Holt,L BAR
Lynette Towers,L BAR
Mariella Boze,L BAR
Cherri Plum,L BAR
Cathern Gateley,L BAR
Shana Krings,L BAR
Danuta Russo,L BAR
Mayra Granier,L BAR
Clementina Moultrie,L BAR
Betsy Sheaffer,L BAR
Lanny Sy,L BAR
Emely Batchelder,L BAR
Betsey Ignacio,L BAR
Kerrie Seamons,L BAR
Bianca Lytch,L BAR
Sammy Michaelsen,L BAR
Isobel Vallee,L BAR
Dalene Cavanaugh,L BAR
Alease Iriarte,L BAR
Cherri Plum,Pig’s Eye Pub
Cathern Gateley,Pig’s Eye Pub
Shana Krings,Pig’s Eye Pub
Danuta Russo,Pig’s Eye Pub
Mayra Granier,Pig’s Eye Pub
Clementina Moultrie,Pig’s Eye Pub
Betsy Sheaffer,Pig’s Eye Pub
Lanny Sy,Pig’s Eye Pub
Emely Batchelder,Pig’s Eye Pub
Betsey Ignacio,Pig’s Eye Pub
Kerrie Seamons,Pig’s Eye Pub
Bianca Lytch,Pig’s Eye Pub
Sammy Michaelsen,Pig’s Eye Pub
Isobel Vallee,Pig’s Eye Pub
Dalene Cavanaugh,Pig’s Eye Pub
Alease Iriarte,Pig’s Eye Pub
Minda Shake,Pig’s Eye Pub
Danyelle Hatchell,Pig’s Eye Pub
Alayna Goode,Pig’s Eye Pub
Alica Socia,Pig’s Eye Pub
Alayna Centers,Pig’s Eye Pub
Claretha Betz,Pig’s Eye Pub
Verona Guernsey,Pig’s Eye Pub
Woodrow Witten,Pig’s Eye Pub
Dion Aldaco,Pig’s Eye Pub
Sharlene Edmundson,Pig’s Eye Pub
Sanford Sinn,Pig’s Eye Pub
Roxy Cogar,Pig’s Eye Pub
Bradford Mulder,Pig’s Eye Pub
Cleta Napoli,Pig’s Eye Pub
Elva Wycoff,Pig’s Eye Pub
Antwan Poulson,Pig’s Eye Pub
Noe Colburn,Pig’s Eye Pub
Many Purvis,Pig’s Eye Pub
Christia Liberatore,Pig’s Eye Pub
Aubrey Cada,Pig’s Eye Pub
Reggie Lingle,Pig’s Eye Pub
Dana Xu,Pig’s Eye Pub
Bee Sedgwick,Pig’s Eye Pub
Casey Schlager,Pig’s Eye Pub
Dalia Lindsay,Pig’s Eye Pub
Cecil Stillings,Pig’s Eye Pub
Madeleine Vanbrunt,Pig’s Eye Pub
Jacalyn Dicicco,Pig’s Eye Pub
Lanette Michna,Pig’s Eye Pub
Garth Mascia,Pig’s Eye Pub
Antwan Poulson,Rocking Horse Saloon
Noe Colburn,Rocking Horse Saloon
Many Purvis,Rocking Horse Saloon
Christia Liberatore,Rocking Horse Saloon
Aubrey Cada,Rocking Horse Saloon
Reggie Lingle,Rocking Horse Saloon
Dana Xu,Rocking Horse Saloon
Bee Sedgwick,Rocking Horse Saloon
Casey Schlager,Rocking Horse Saloon
Dalia Lindsay,Rocking Horse Saloon
Cecil Stillings,Rocking Horse Saloon
Madeleine Vanbrunt,Rocking Horse Saloon
Jacalyn Dicicco,Rocking Horse Saloon
Lanette Michna,Rocking Horse Saloon
Garth Mascia,Rocking Horse Saloon
Dierdre Shelby,Rocking Horse Saloon
Eugenio Stong,Rocking Horse Saloon
Bunny Wertz,Rocking Horse Saloon
Carleen Eastwood,Rocking Horse Saloon
Trisha Schurg,Rocking Horse Saloon
Evie Fisk,Rocking Horse Saloon
Cassi Radney,Rocking Horse Saloon
Gerard Treiber,Rocking Horse Saloon
Stan Duffey,Rocking Horse Saloon
Shu Ruggerio,Rocking Horse Saloon
Shamika Marlar,Rocking Horse Saloon
Delaine Nader,Rocking Horse Saloon
Alphonse Brochu,Rocking Horse Saloon
Blondell Amos,Rocking Horse Saloon
Yevette Cowherd,Rocking Horse Saloon
Saturnina Zakrzewski,Rocking Horse Saloon
Ailene Geers,Rocking Horse Saloon
Laquita Dismukes,Rocking Horse Saloon
Steffanie Titcomb,Rocking Horse Saloon
Seth Goff,Rocking Horse Saloon
Lindy League,Rocking Horse Saloon
Noemi Matula,Rocking Horse Saloon
Devin Arora,Rocking Horse Saloon
Charlene Rood,Rocking Horse Saloon
Rubye Roa,Rocking Horse Saloon
Loni Dann,Rocking Horse Saloon
Chas Loan,Rocking Horse Saloon
Fernanda Timko,Rocking Horse Saloon
Vicente Hintzen,Rocking Horse Saloon
Nobuko Ruark,Rocking Horse Saloon
Shaunte Vandenbosch,Rocking Horse Saloon
Ailene Geers,Side Bar
Laquita Dismukes,Side Bar
Steffanie Titcomb,Side Bar
Seth Goff,Side Bar
Lindy League,Side Bar
Noemi Matula,Side Bar
Devin Arora,Side Bar
Charlene Rood,Side Bar
Rubye Roa,Side Bar
Loni Dann,Side Bar
Chas Loan,Side Bar
Fernanda Timko,Side Bar
Vicente Hintzen,Side Bar
Nobuko Ruark,Side Bar
Shaunte Vandenbosch,Side Bar
Shavonda Brissette,Side Bar
Gaylord Jett,Side Bar
Reid Swink,Side Bar
Agustina Dover,Side Bar
Lacresha Tripodi,Side Bar
Milton Claypool,Side Bar
Syreeta Epperson,Side Bar
Sonya Crumrine,Side Bar
Edna Wen,Side Bar
Wendolyn Pedraza,Side Bar
Maryland Wishart,Side Bar
Anglea Jeanpierre,Side Bar
Sherlene Winstead,Side Bar
Gordon Duchesne,Side Bar
Jayna Granada,Side Bar
Theo Sproul,Side Bar
Larraine Snipes,Side Bar
Stacie Seda,Side Bar
Marine Muirhead,Side Bar
Domonique Francia,Side Bar
Jay Heinemann,Side Bar
Raymon Pawlik,Side Bar
Sol Gress,Side Bar
Mariette Krupa,Side Bar
Mei Shao,Side Bar
Nichol Havel,Side Bar
Shenita Imel,Side Bar
Demarcus Kohut,Side Bar
Charles Gorton,Side Bar
Janie Littell,Side Bar
Natalia Kitzmiller,Side Bar
Larraine Snipes,The Blind Pig Pizza
Stacie Seda,The Blind Pig Pizza
Marine Muirhead,The Blind Pig Pizza
Domonique Francia,The Blind Pig Pizza
Jay Heinemann,The Blind Pig Pizza
Raymon Pawlik,The Blind Pig Pizza
Sol Gress,The Blind Pig Pizza
Mariette Krupa,The Blind Pig Pizza
Mei Shao,The Blind Pig Pizza
Nichol Havel,The Blind Pig Pizza
Shenita Imel,The Blind Pig Pizza
Demarcus Kohut,The Blind Pig Pizza
Charles Gorton,The Blind Pig Pizza
Janie Littell,The Blind Pig Pizza
Natalia Kitzmiller,The Blind Pig Pizza
Suzan Gaines,The Blind Pig Pizza
Alex Hammaker,The Blind Pig Pizza
Lynwood Mcneal,The Blind Pig Pizza
Sylvester Gaudette,The Blind Pig Pizza
Simonne Bare,The Blind Pig Pizza
Evelia Linton,The Blind Pig Pizza
Carmelina Volpe,The Blind Pig Pizza
Layne Seely,The Blind Pig Pizza
Anton Kallenbach,The Blind Pig Pizza
Jef Ashbaugh,The Blind Pig Pizza
Candyce Treadwell,The Blind Pig Pizza
Rocco Dollinger,The Blind Pig Pizza
Brant Rodi,The Blind Pig Pizza
Damon Prada,The Blind Pig Pizza
Isabelle Omar,The Blind Pig Pizza
Marna Jordahl,The Blind Pig Pizza
Mirian Betton,The Blind Pig Pizza
Vena Hagstrom,The Blind Pig Pizza
Jami Wojtowicz,The Blind Pig Pizza
Hillary Borth,The Blind Pig Pizza
Christal Maria,The Blind Pig Pizza
Pat Kuehl,The Blind Pig Pizza
Latia Blaney,The Blind Pig Pizza
Araceli Schear,The Blind Pig Pizza
Madie Frutos,The Blind Pig Pizza
Chante Singleton,The Blind Pig Pizza
Mellisa Fagan,The Blind Pig Pizza
Drusilla Salls,The Blind Pig Pizza
Lamonica Nash,The Blind Pig Pizza
Karolyn Griffin,The Blind Pig Pizza
Anissa Daulton,The Blind Pig Pizza
Mirian Betton,The Press
Vena Hagstrom,The Press
Jami Wojtowicz,The Press
Hillary Borth,The Press
Christal Maria,The Press
Pat Kuehl,The Press
Latia Blaney,The Press
Araceli Schear,The Press
Madie Frutos,The Press
Chante Singleton,The Press
Mellisa Fagan,The Press
Drusilla Salls,The Press
Lamonica Nash,The Press
Karolyn Griffin,The Press
Anissa Daulton,The Press
Masako Mccranie,The Press
Elba Bissett,The Press
Latrice Lamas,The Press
Cassaundra Lebowitz,The Press
Twana Lago,The Press
Yasuko Beer,The Press
Parker Searls,The Press
Margret Falzone,The Press
Karey Tietjen,The Press
Rachal Mattes,The Press
Melanie Austin,The Press
Laine Spagnoli,The Press
Dinah July,The Press
Genevieve Schrage,The Press
Lucas Croyle,The Press
Irish Rameau,The Press
Erlinda Brooker,The Press
Shauna Brehmer,The Press
Nga Kerekes,The Press
Paulette Sellman,The Press
Yuriko Bracamonte,The Press
Desire Pelzer,The Press
Laverne Jakes,The Press
Lashawn Bonds,The Press
Pasquale Kenison,The Press
Luella Shoemake,The Press
Elden Hochmuth,The Press
Tawana Molder,The Press
Pearl Holt,The Press
Lynette Towers,The Press
Mariella Boze,The Press
Erlinda Brooker,The Russian Lady
Shauna Brehmer,The Russian Lady
Nga Kerekes,The Russian Lady
Paulette Sellman,The Russian Lady
Yuriko Bracamonte,The Russian Lady
Desire Pelzer,The Russian Lady
Laverne Jakes,The Russian Lady
Lashawn Bonds,The Russian Lady
Pasquale Kenison,The Russian Lady
Luella Shoemake,The Russian Lady
Elden Hochmuth,The Russian Lady
Tawana Molder,The Russian Lady
Pearl Holt,The Russian Lady
Lynette Towers,The Russian Lady
Mariella Boze,The Russian Lady
Cherri Plum,The Russian Lady
Cathern Gateley,The Russian Lady
Shana Krings,The Russian Lady
Danuta Russo,The Russian Lady
Mayra Granier,The Russian Lady
Clementina Moultrie,The Russian Lady
Betsy Sheaffer,The Russian Lady
Lanny Sy,The Russian Lady
Emely Batchelder,The Russian Lady
Betsey Ignacio,The Russian Lady
Kerrie Seamons,The Russian Lady
Bianca Lytch,The Russian Lady
Sammy Michaelsen,The Russian Lady
Isobel Vallee,The Russian Lady
Dalene Cavanaugh,The Russian Lady
Alease Iriarte,The Russian Lady
Minda Shake,The Russian Lady
Danyelle Hatchell,The Russian Lady
Alayna Goode,The Russian Lady
Alica Socia,The Russian Lady
Alayna Centers,The Russian Lady
Claretha Betz,The Russian Lady
Verona Guernsey,The Russian Lady
Woodrow Witten,The Russian Lady
Dion Aldaco,The Russian Lady
Sharlene Edmundson,The Russian Lady
Sanford Sinn,The Russian Lady
Roxy Cogar,The Russian Lady
Bradford Mulder,The Russian Lady
Cleta Napoli,The Russian Lady
Elva Wycoff,The Russian Lady
Minda Shake,Vaughan’s Public House
Danyelle Hatchell,Vaughan’s Public House
Alayna Goode,Vaughan’s Public House
Alica Socia,Vaughan’s Public House
Alayna Centers,Vaughan’s Public House
Claretha Betz,Vaughan’s Public House
Verona Guernsey,Vaughan’s Public House
Woodrow Witten,Vaughan’s Public House
Dion Aldaco,Vaughan’s Public House
Sharlene Edmundson,Vaughan’s Public House
Sanford Sinn,Vaughan’s Public House
Roxy Cogar,Vaughan’s Public House
Bradford Mulder,Vaughan’s Public House
Cleta Napoli,Vaughan’s Public House
Elva Wycoff,Vaughan’s Public House
Antwan Poulson,Vaughan’s Public House
Noe Colburn,Vaughan’s Public House
Many Purvis,Vaughan’s Public House
Christia Liberatore,Vaughan’s Public House
Aubrey Cada,Vaughan’s Public House
Reggie Lingle,Vaughan’s Public House
Dana Xu,Vaughan’s Public House
Bee Sedgwick,Vaughan’s Public House
Casey Schlager,Vaughan’s Public House
Dalia Lindsay,Vaughan’s Public House
Cecil Stillings,Vaughan’s Public House
Madeleine Vanbrunt,Vaughan’s Public House
Jacalyn Dicicco,Vaughan’s Public House
Lanette Michna,Vaughan’s Public House
Garth Mascia,Vaughan’s Public House
Dierdre Shelby,Vaughan’s Public House
Eugenio Stong,Vaughan’s Public House
Bunny Wertz,Vaughan’s Public House
Carleen Eastwood,Vaughan’s Public House
Trisha Schurg,Vaughan’s Public House
Evie Fisk,Vaughan’s Public House
Cassi Radney,Vaughan’s Public House
Gerard Treiber,Vaughan’s Public House
Stan Duffey,Vaughan’s Public House
Shu Ruggerio,Vaughan’s Public House
Shamika Marlar,Vaughan’s Public House
Delaine Nader,Vaughan’s Public House
Alphonse Brochu,Vaughan’s Public House
Blondell Amos,Vaughan’s Public House
Yevette Cowherd,Vaughan’s Public House
Saturnina Zakrzewski,Vaughan’s Public House
Adrien Ladd,Black Bear Bar & Grill
Angeles Vanbeek,Black Bear Bar & Grill
Ariel Lomax,Black Bear Bar & Grill
Athena Charlesworth,Black Bear Bar & Grill
Aurelia Bassett,Black Bear Bar & Grill
Aurelio Melrose,Black Bear Bar & Grill
Azzie Breese,Black Bear Bar & Grill
Berniece Pettigrew,Black Bear Bar & Grill
Bryon Furniss,Black Bear Bar & Grill
Coleman Bremner,Black Bear Bar & Grill
Dexter Sparks,Black Bear Bar & Grill
Dianna Arai,Black Bear Bar & Grill
Diedre Jayne,Black Bear Bar & Grill
Donette Slaten,Black Bear Bar & Grill
Effie Preston,Black Bear Bar & Grill
Gertrud Catto,Black Bear Bar & Grill
Gia Mireles,Black Bear Bar & Grill
Gilberte Broadwater,Black Bear Bar & Grill
Humberto Nathan,Black Bear Bar & Grill
Ivette Stem,Black Bear Bar & Grill
Kathlyn Burts,Black Bear Bar & Grill
Kelsey Brittain,Black Bear Bar & Grill
Kimberli Darrow,Black Bear Bar & Grill
Kimiko Packett,Black Bear Bar & Grill
Lakisha Horsley,Black Bear Bar & Grill
Lawanna Merideth,Black Bear Bar & Grill
Leandra Andrus,Black Bear Bar & Grill
Les Tiner,Black Bear Bar & Grill
Mercy Kromer,Black Bear Bar & Grill
Nada Ricci,Black Bear Bar & Grill
Oralia Pettis,Black Bear Bar & Grill
Rashida Woodson,Black Bear Bar & Grill
Salena Melby,Black Bear Bar & Grill
Thalia Littrell,Black Bear Bar & Grill
Vinita Versace,Black Bear Bar & Grill
Zoraida Hutchinson,Black Bear Bar & Grill
Adria Ostroff,Carpe Diem Pub & Restaurant
Ariana Olson,Carpe Diem Pub & Restaurant
Barbera Hirth,Carpe Diem Pub & Restaurant
Christal Richarson,Carpe Diem Pub & Restaurant
Danial Yurick,Carpe Diem Pub & Restaurant
Dean Chapdelaine,Carpe Diem Pub & Restaurant
Emilio Rountree,Carpe Diem Pub & Restaurant
Evia Miltenberger,Carpe Diem Pub & Restaurant
Gregorio Krupp,Carpe Diem Pub & Restaurant
Jim Portera,Carpe Diem Pub & Restaurant
Johnny Piermarini,Carpe Diem Pub & Restaurant
Katrice Capasso,Carpe Diem Pub & Restaurant
Kelsey Brittain,Carpe Diem Pub & Restaurant
Kenda Touchet,Carpe Diem Pub & Restaurant
Kenton Dimas,Carpe Diem Pub & Restaurant
Leo Golder,Carpe Diem Pub & Restaurant
Lizeth Bissonnette,Carpe Diem Pub & Restaurant
Mariam Short,Carpe Diem Pub & Restaurant
Mechelle Streich,Carpe Diem Pub & Restaurant
Merlene Mattison,Carpe Diem Pub & Restaurant
Nga Blea,Carpe Diem Pub & Restaurant
Palma Melgoza,Carpe Diem Pub & Restaurant
Patrica Crowder,Carpe Diem Pub & Restaurant
Robt Packard,Carpe Diem Pub & Restaurant
Shala Wiebe,Carpe Diem Pub & Restaurant
Sharilyn Mciver,Carpe Diem Pub & Restaurant
Shea Lamoureaux,Carpe Diem Pub & Restaurant
Sherryl Wickwire,Carpe Diem Pub & Restaurant
Steven Defoor,Carpe Diem Pub & Restaurant
Tasia Alleyne,Carpe Diem Pub & Restaurant
Vincent Nottage,Carpe Diem Pub & Restaurant
Angeles Vanbeek,Cooper’s Union
Bruna Mallery,Cooper’s Union
Daniella Denby,Cooper’s Union
Darwin Waits,Cooper’s Union
Dean Chapdelaine,Cooper’s Union
Dedra Goodale,Cooper’s Union
Domenic Rosecrans,Cooper’s Union
Eboni Cadet,Cooper’s Union
Ethyl Selke,Cooper’s Union
Gaston Byron,Cooper’s Union
Ingrid Ortman,Cooper’s Union
Ivette Stem,Cooper’s Union
Izetta Sullivan,Cooper’s Union
Janel Hersman,Cooper’s Union
Jewell Curci,Cooper’s Union
Jose Berube,Cooper’s Union
Kayce Pitzen,Cooper’s Union
Kenton Dimas,Cooper’s Union
Kimbra Mcquillen,Cooper’s Union
Lakeesha Ellender,Cooper’s Union
Lashay Guthrie,Cooper’s Union
Latrice Hambleton,Cooper’s Union
Lyndon Dickert,Cooper’s Union
Macie Ruple,Cooper’s Union
Malka Wager,Cooper’s Union
Mamie Vidrine,Cooper’s Union
Margret Regner,Cooper’s Union
Merrilee Chalmers,Cooper’s Union
Micheline Lipka,Cooper’s Union
Preston Yount,Cooper’s Union
Salena Terrel,Cooper’s Union
Salvador Cogan,Cooper’s Union
Susie Ching,Cooper’s Union
Vernita Doi,Cooper’s Union
Wendy Lorentzen,Cooper’s Union
Wilhemina Osby,Cooper’s Union
Yolonda Deatherage,Cooper’s Union
Alida Spurgin,Cork City
Dian Shipley,Cork City
Elizbeth Leith,Cork City
Era Thorington,Cork City
Evette Wedding,Cork City
Henrietta Karr,Cork City
Humberto Nathan,Cork City
Jackson Epps,Cork City
Jarred Chason,Cork City
Jutta Andrzejewski,Cork City
Lakeesha Ellender,Cork City
Lenny Funari,Cork City
Meredith Gobeil,Cork City
Merrilee Chalmers,Cork City
Mikaela Nosal,Cork City
Noemi Gearheart,Cork City
Roman Lees,Cork City
Shakita Ruland,Cork City
Shana Lerma,Cork City
Shanon Kyle,Cork City
Shea Lamoureaux,Cork City
Shon Gaston,Cork City
Steven Defoor,Cork City
Vernita Doi,Cork City
Victorina Rhoades,Cork City
Wilburn Belvins,Cork City
Allan Persing,DC’s Tavern
Dedra Goodale,DC’s Tavern
Eladia Montanye,DC’s Tavern
Eli Bosque,DC’s Tavern
Elizbeth Leith,DC’s Tavern
Ernestina Cornwall,DC’s Tavern
Eula Elvira,DC’s Tavern
Gaston Byron,DC’s Tavern
Gilberte Broadwater,DC’s Tavern
Gina Weigel,DC’s Tavern
Hollis Ybarbo,DC’s Tavern
Ivan Lastra,DC’s Tavern
Jackson Epps,DC’s Tavern
Jacques Bueche,DC’s Tavern
Karmen Bushway,DC’s Tavern
Kristi Yokum,DC’s Tavern
Laila Vanderveer,DC’s Tavern
Leonia Nalls,DC’s Tavern
Lizeth Bissonnette,DC’s Tavern
Magnolia Bays,DC’s Tavern
Marvel Noles,DC’s Tavern
Nadia Kerlin,DC’s Tavern
Palma Zander,DC’s Tavern
Selena Bohner,DC’s Tavern
Shanon Kyle,DC’s Tavern
Sherri Swindler,DC’s Tavern
Shon Gaston,DC’s Tavern
Sterling Brantner,DC’s Tavern
Stuart Delman,DC’s Tavern
Takisha Delia,DC’s Tavern
Tanika Creel,DC’s Tavern
Teofila Dessert,DC’s Tavern
Thalia Littrell,DC’s Tavern
Wilma Camburn,DC’s Tavern
Albert Wentworth,Finnegan’s Pub
Angelika Servais,Finnegan’s Pub
Ashlyn Dildy,Finnegan’s Pub
Asley Molino,Finnegan’s Pub
Babara Dempster,Finnegan’s Pub
Ernestina Cornwall,Finnegan’s Pub
Eula Elvira,Finnegan’s Pub
Evia Miltenberger,Finnegan’s Pub
Gaston Byron,Finnegan’s Pub
Gia Mireles,Finnegan’s Pub
Jackson Epps,Finnegan’s Pub
Jeanetta Hatcher,Finnegan’s Pub
Joshua Feaster,Finnegan’s Pub
Karlene Colosimo,Finnegan’s Pub
Kathie Goetz,Finnegan’s Pub
Kathlyn Burts,Finnegan’s Pub
Kendall Gutman,Finnegan’s Pub
Kimberli Darrow,Finnegan’s Pub
Kimiko Packett,Finnegan’s Pub
Latarsha Holsapple,Finnegan’s Pub
Leslee Ortegon,Finnegan’s Pub
Lucas Dellinger,Finnegan’s Pub
Margarete Woodbridge,Finnegan’s Pub
Ollie Harren,Finnegan’s Pub
Retta Rodrigues,Finnegan’s Pub
Rosena Ritchey,Finnegan’s Pub
Roslyn Croswell,Finnegan’s Pub
Selena Bohner,Finnegan’s Pub
Shanon Kyle,Finnegan’s Pub
Susie Ching,Finnegan’s Pub
Tanika Creel,Finnegan’s Pub
Tory Dever,Finnegan’s Pub
Yolonda Deatherage,Finnegan’s Pub
Zora Hayden,Finnegan’s Pub
Adele Dickerson,G.Millz Boken Roadhouse
Audrie Westfall,G.Millz Boken Roadhouse
Carolina Burt,G.Millz Boken Roadhouse
Christopher Provence,G.Millz Boken Roadhouse
Corrine Fred,G.Millz Boken Roadhouse
Danial Yurick,G.Millz Boken Roadhouse
Daniella Denby,G.Millz Boken Roadhouse
Ernestina Cornwall,G.Millz Boken Roadhouse
Federico Erne,G.Millz Boken Roadhouse
Herschel Mascorro,G.Millz Boken Roadhouse
Izetta Sullivan,G.Millz Boken Roadhouse
Izola Jalbert,G.Millz Boken Roadhouse
Jan Amis,G.Millz Boken Roadhouse
Janett Hightower,G.Millz Boken Roadhouse
Jeanie Willet,G.Millz Boken Roadhouse
Jeffery Mcrae,G.Millz Boken Roadhouse
Lissa Wedderburn,G.Millz Boken Roadhouse
Lori Stott,G.Millz Boken Roadhouse
Mac Sorg,G.Millz Boken Roadhouse
Mandie Mckennon,G.Millz Boken Roadhouse
Michale Soileau,G.Millz Boken Roadhouse
Mirian Permenter,G.Millz Boken Roadhouse
Noemi Gearheart,G.Millz Boken Roadhouse
Palma Zander,G.Millz Boken Roadhouse
Rocco Pocock,G.Millz Boken Roadhouse
Roxanne Bybee,G.Millz Boken Roadhouse
Shala Wiebe,G.Millz Boken Roadhouse
Steven Defoor,G.Millz Boken Roadhouse
Sylvie Deines,G.Millz Boken Roadhouse
Tenesha Kloster,G.Millz Boken Roadhouse
Youlanda Avallone,G.Millz Boken Roadhouse
Yvonne Villafana,G.Millz Boken Roadhouse
Adele Dickerson,Grand Vin
Aracely Legrand,Grand Vin
Ashlyn Dildy,Grand Vin
Carolee Studdard,Grand Vin
Ciera Pletcher,Grand Vin
Craig Mitschke,Grand Vin
Dedra Goodale,Grand Vin
Elizbeth Leith,Grand Vin
Estefana Lasch,Grand Vin
Eula Elvira,Grand Vin
Gaylene Manuelito,Grand Vin
Hanh Poll,Grand Vin
Heide Dubon,Grand Vin
Jarvis Hambleton,Grand Vin
Jeanetta Hatcher,Grand Vin
Jesenia Solorio,Grand Vin
Jim Portera,Grand Vin
Jonathan Straub,Grand Vin
Julio Brannum,Grand Vin
Kathie Goetz,Grand Vin
Kelli Beckles,Grand Vin
Kendall Gutman,Grand Vin
Leila Kravitz,Grand Vin
Mandie Mckennon,Grand Vin
Marta Emerick,Grand Vin
Mercy Kromer,Grand Vin
Olinda Hallmark,Grand Vin
Orville Critchlow,Grand Vin
Ramona Sleeper,Grand Vin
Robert Balk,Grand Vin
Rosalie Enloe,Grand Vin
Somer Dimeo,Grand Vin
Tomiko Mcpheeters,Grand Vin
Vinita Versace,Grand Vin
Addie Mcsorley,Louise & Jerry’s
Alfonzo Wigfall,Louise & Jerry’s
Christal Richarson,Louise & Jerry’s
Ciera Pletcher,Louise & Jerry’s
Cindi Ming,Louise & Jerry’s
Claretta Mattes,Louise & Jerry’s
Claudine Villano,Louise & Jerry’s
Clora Pollock,Louise & Jerry’s
Daine Bibler,Louise & Jerry’s
Dewayne Ariza,Louise & Jerry’s
Diedre Jayne,Louise & Jerry’s
Domenic Rosecrans,Louise & Jerry’s
Donnette Skipper,Louise & Jerry’s
Dottie Brooking,Louise & Jerry’s
Elroy Daigre,Louise & Jerry’s
Ivy Morlan,Louise & Jerry’s
Jacki Zielinski,Louise & Jerry’s
Jose Berube,Louise & Jerry’s
Kenda Touchet,Louise & Jerry’s
Kris Britton,Louise & Jerry’s
Kristi Yokum,Louise & Jerry’s
Lawanna Merideth,Louise & Jerry’s
Leo Golder,Louise & Jerry’s
Letha Taliaferro,Louise & Jerry’s
Malka Wager,Louise & Jerry’s
Randolph Infante,Louise & Jerry’s
Raylene Giel,Louise & Jerry’s
Rhett Doner,Louise & Jerry’s
Samara Lawrie,Louise & Jerry’s
Shala Wiebe,Louise & Jerry’s
Tracy Dull,Louise & Jerry’s
Victorina Rhoades,Louise & Jerry’s
Wilburn Belvins,Louise & Jerry’s
Xochitl Cali,Louise & Jerry’s
Aron Parchman,Moran’s
Bruna Mallery,Moran’s
Craig Mitschke,Moran’s
Daniel Huffer,Moran’s
Daniella Denby,Moran’s
Delicia Michalowski,Moran’s
Georgette Gautier,Moran’s
Josh Chard,Moran’s
Kristi Yokum,Moran’s
Mac Sorg,Moran’s
Madison Fine,Moran’s
Merrilee Barlow,Moran’s
Mitchel Sherwin,Moran’s
Nada Ricci,Moran’s
Retta Rodrigues,Moran’s
Sherlene Blowers,Moran’s
Stephane You,Moran’s
Wally Redington,Moran’s
Wanetta Storie,Moran’s
Youlanda Avallone,Moran’s
Aldo Hoffman,Mulligan’s
Anderson Jerkins,Mulligan’s
Ashanti Cambre,Mulligan’s
Asley Molino,Mulligan’s
Ava Smolka,Mulligan’s
Clifford Antonelli,Mulligan’s
Daine Bibler,Mulligan’s
Dominque Platner,Mulligan’s
Eden Horner,Mulligan’s
Ehtel Remy,Mulligan’s
Heide Dubon,Mulligan’s
Ivette Stem,Mulligan’s
Jarrett Viator,Mulligan’s
Jazmine Greve,Mulligan’s
Jodie Marsico,Mulligan’s
Juana Torkelson,Mulligan’s
Kandice Jaworski,Mulligan’s
Kayce Pitzen,Mulligan’s
Kris Britton,Mulligan’s
Kristle Bunge,Mulligan’s
Letha Taliaferro,Mulligan’s
Libbie Drapeau,Mulligan’s
Linwood Carpentier,Mulligan’s
Lori Stott,Mulligan’s
Lyndon Dickert,Mulligan’s
Malcom Maines,Mulligan’s
Maris Ogorman,Mulligan’s
Meredith Gobeil,Mulligan’s
Merlene Mattison,Mulligan’s
Merrilee Chalmers,Mulligan’s
Mina Hertz,Mulligan’s
Minna Headlee,Mulligan’s
Mirian Permenter,Mulligan’s
Misty Wyckoff,Mulligan’s
Palma Zander,Mulligan’s
Patsy Holbrook,Mulligan’s
Raylene Giel,Mulligan’s
Rikki Wellington,Mulligan’s
Roxanne Bybee,Mulligan’s
Tracy Dull,Mulligan’s
Vinita Versace,Mulligan’s
Wendy Lorentzen,Mulligan’s
Xochitl Cali,Mulligan’s
Zora Hayden,Mulligan’s
Andre Sams,Northern Soul
Aurelio Melrose,Northern Soul
Casimira Ammann,Northern Soul
Claudette Strope,Northern Soul
Delcie Dimuzio,Northern Soul
Dian Shipley,Northern Soul
Dianna Arai,Northern Soul
Fatimah Plowman,Northern Soul
Jan Amis,Northern Soul
Jarvis Hambleton,Northern Soul
Latarsha Holsapple,Northern Soul
Les Tiner,Northern Soul
Marcela Kraker,Northern Soul
Mariam Short,Northern Soul
Maris Ogorman,Northern Soul
Marquitta Oliver,Northern Soul
Michelle Lanphere,Northern Soul
Misty Wyckoff,Northern Soul
Molly Self,Northern Soul
Ollie Harren,Northern Soul
Orville Critchlow,Northern Soul
Palma Melgoza,Northern Soul
Rikki Wellington,Northern Soul
Sylvie Deines,Northern Soul
Vincent Nottage,Northern Soul
Wilda Buchanan,Northern Soul
Zoraida Hutchinson,Northern Soul
Aracely Legrand,Phoenix Bar and Grille
Charlena Pals,Phoenix Bar and Grille
Cletus Quimby,Phoenix Bar and Grille
Colene Aguillon,Phoenix Bar and Grille
Corrine Fred,Phoenix Bar and Grille
Coy Bjelland,Phoenix Bar and Grille
Delicia Michalowski,Phoenix Bar and Grille
Dexter Sparks,Phoenix Bar and Grille
Donette Slaten,Phoenix Bar and Grille
Evette Wedding,Phoenix Bar and Grille
Gertrud Catto,Phoenix Bar and Grille
Gia Mireles,Phoenix Bar and Grille
Janine Roiger,Phoenix Bar and Grille
Jodie Marsico,Phoenix Bar and Grille
Johnathan Lester,Phoenix Bar and Grille
Johnny Piermarini,Phoenix Bar and Grille
Josh Chard,Phoenix Bar and Grille
Joy Louie,Phoenix Bar and Grille
Kandice Jaworski,Phoenix Bar and Grille
Latrice Hambleton,Phoenix Bar and Grille
Mathilda Partlow,Phoenix Bar and Grille
Minda Bostick,Phoenix Bar and Grille
Minna Headlee,Phoenix Bar and Grille
Olinda Hallmark,Phoenix Bar and Grille
Palma Melgoza,Phoenix Bar and Grille
Preston Yount,Phoenix Bar and Grille
Rhett Doner,Phoenix Bar and Grille
Roselia Charters,Phoenix Bar and Grille
Thalia Littrell,Phoenix Bar and Grille
Zoraida Hutchinson,Phoenix Bar and Grille
Adan Zubia,Pilsner Haus & Biergarden
Alida Spurgin,Pilsner Haus & Biergarden
Allan Persing,Pilsner Haus & Biergarden
Aurelia Bassett,Pilsner Haus & Biergarden
Brooke Warner,Pilsner Haus & Biergarden
Cleotilde Bedsole,Pilsner Haus & Biergarden
Colby Boatwright,Pilsner Haus & Biergarden
Dewayne Ariza,Pilsner Haus & Biergarden
Dolores Iverson,Pilsner Haus & Biergarden
Estefana Lasch,Pilsner Haus & Biergarden
Ivan Lastra,Pilsner Haus & Biergarden
Janel Hersman,Pilsner Haus & Biergarden
Jarred Chason,Pilsner Haus & Biergarden
Kimbra Mcquillen,Pilsner Haus & Biergarden
Lucas Dellinger,Pilsner Haus & Biergarden
Lyda Matzen,Pilsner Haus & Biergarden
Meredith Gobeil,Pilsner Haus & Biergarden
Misty Wyckoff,Pilsner Haus & Biergarden
Oralia Pettis,Pilsner Haus & Biergarden
Preston Yount,Pilsner Haus & Biergarden
Salena Terrel,Pilsner Haus & Biergarden
Yolonda Deatherage,Pilsner Haus & Biergarden
Albert Wentworth,The Ale House
Anderson Jerkins,The Ale House
Ashanti Cambre,The Ale House
Azzie Breese,The Ale House
Carolee Boltz,The Ale House
Catina Veal,The Ale House
Claudette Strope,The Ale House
Dean Chapdelaine,The Ale House
Drew Ong,The Ale House
Ebonie Demeter,The Ale House
Ehtel Remy,The Ale House
Gertrud Catto,The Ale House
Jacki Zielinski,The Ale House
Jazmine Greve,The Ale House
Jeffery Mcrae,The Ale House
Jeremiah Strange,The Ale House
Jimmie Cassinelli,The Ale House
Joshua Feaster,The Ale House
Kylee Doung,The Ale House
Lakisha Horsley,The Ale House
Loida Lebow,The Ale House
Mandie Mckennon,The Ale House
Mathew Dryer,The Ale House
Mechelle Streich,The Ale House
Michale Soileau,The Ale House
Molly Self,The Ale House
Olinda Hallmark,The Ale House
Ollie Harren,The Ale House
Rocco Pocock,The Ale House
Trina Northam,The Ale House
Allan Persing,The Pig and Parrot
Anderson Jerkins,The Pig and Parrot
Aurelia Bassett,The Pig and Parrot
Ciera Pletcher,The Pig and Parrot
Colene Aguillon,The Pig and Parrot
Jeanie Willet,The Pig and Parrot
Johnny Piermarini,The Pig and Parrot
Jose Berube,The Pig and Parrot
Juana Torkelson,The Pig and Parrot
Lula Swilley,The Pig and Parrot
Madison Fine,The Pig and Parrot
Molly Self,The Pig and Parrot
Mora Hilley,The Pig and Parrot
Nga Blea,The Pig and Parrot
Oleta Dickman,The Pig and Parrot
Oralia Pettis,The Pig and Parrot
Pearl Pellegrini,The Pig and Parrot
Salena Melby,The Pig and Parrot
Tom Brickey,The Pig and Parrot
Wilda Buchanan,The Pig and Parrot
Adrianna Carstens,The Shepherd & the Knucklehead
Arlie Pinion,The Shepherd & the Knucklehead
Caroll Saari,The Shepherd & the Knucklehead
Clora Pollock,The Shepherd & the Knucklehead
Danial Yurick,The Shepherd & the Knucklehead
Delicia Michalowski,The Shepherd & the Knucklehead
Doyle Trent,The Shepherd & the Knucklehead
Gaylene Manuelito,The Shepherd & the Knucklehead
Ingrid Savidge,The Shepherd & the Knucklehead
Jeremiah Strange,The Shepherd & the Knucklehead
Jesenia Solorio,The Shepherd & the Knucklehead
Jessie Heywood,The Shepherd & the Knucklehead
Jonathan Straub,The Shepherd & the Knucklehead
Kelsey Brittain,The Shepherd & the Knucklehead
Lakeesha Ellender,The Shepherd & the Knucklehead
Launa Monge,The Shepherd & the Knucklehead
Len Canavan,The Shepherd & the Knucklehead
Lenita Burciaga,The Shepherd & the Knucklehead
Lenny Funari,The Shepherd & the Knucklehead
Lucas Dellinger,The Shepherd & the Knucklehead
Magnolia Bays,The Shepherd & the Knucklehead
Marcela Kraker,The Shepherd & the Knucklehead
Mina Hertz,The Shepherd & the Knucklehead
Minnie Shain,The Shepherd & the Knucklehead
Robt Packard,The Shepherd & the Knucklehead
Rosamaria Isherwood,The Shepherd & the Knucklehead
Takisha Delia,The Shepherd & the Knucklehead
Trina Northam,The Shepherd & the Knucklehead
Virginia Delara,The Shepherd & the Knucklehead
Wally Redington,The Shepherd & the Knucklehead
Wilhemina Osby,The Shepherd & the Knucklehead
Albert Wentworth,The Winston
Andre Sams,The Winston
Audrie Westfall,The Winston
Caroll Saari,The Winston
Cletus Quimby,The Winston
Colby Boatwright,The Winston
Corrine Fred,The Winston
Daine Bibler,The Winston
Danita Singh,The Winston
Elroy Daigre,The Winston
Ethelene Schimke,The Winston
Fatimah Plowman,The Winston
Federico Erne,The Winston
Gerry Postma,The Winston
Gina Weigel,The Winston
Izola Jalbert,The Winston
Janine Roiger,The Winston
Jimmie Cassinelli,The Winston
Katrice Capasso,The Winston
Kayce Pitzen,The Winston
Kenda Touchet,The Winston
Laila Vanderveer,The Winston
Laine Lindauer,The Winston
Lakisha Horsley,The Winston
Lavinia Trojanowski,The Winston
Leonia Nalls,The Winston
Linwood Carpentier,The Winston
Mamie Vidrine,The Winston
Margie Leffel,The Winston
Marta Emerick,The Winston
Marvel Noles,The Winston
Merlene Mattison,The Winston
Michelle Lanphere,The Winston
Rashida Woodson,The Winston
Roberto Casado,The Winston
Rosalie Enloe,The Winston
Roslyn Croswell,The Winston
Sharilyn Mciver,The Winston
Shaunte Lambros,The Winston
Wilhemina Osby,The Winston
Arlie Pinion,Wilton House
Azzie Breese,Wilton House
Barbera Hirth,Wilton House
Barton Magdaleno,Wilton House
Berniece Pettigrew,Wilton House
Casimira Ammann,Wilton House
Craig Mitschke,Wilton House
Dominque Platner,Wilton House
Doyle Trent,Wilton House
Ela Mcgilvery,Wilton House
Farah Lantigua,Wilton House
Hanh Poll,Wilton House
Herschel Mascorro,Wilton House
Ivy Morlan,Wilton House
Jesenia Solorio,Wilton House
Jodie Marsico,Wilton House
Joy Louie,Wilton House
Karmen Bushway,Wilton House
Kimberli Darrow,Wilton House
Lavinia Trojanowski,Wilton House
Leslee Ortegon,Wilton House
Maggie Sears,Wilton House
Marcela Kraker,Wilton House
Michelle Lanphere,Wilton House
Peg Pizarro,Wilton House
Prince Thrailkill,Wilton House
Randolph Infante,Wilton House
Rashida Woodson,Wilton House
Robert Balk,Wilton House
Roberto Casado,Wilton House
Rosemary Tatum,Wilton House
Selena Bohner,Wilton House
Shon Gaston,Wilton House
Tenesha Kloster,Wilton House
Treasa Shurtleff,Wilton House
Tyrone Wyman,Wilton House
Victorina Rhoades,Wilton House
Wilber Leighton,Wilton House
Ariel Lomax,Zack’s Oak Bar & Restaurant
Athena Charlesworth,Zack’s Oak Bar & Restaurant
Barton Magdaleno,Zack’s Oak Bar & Restaurant
Donnette Skipper,Zack’s Oak Bar & Restaurant
Ebonie Demeter,Zack’s Oak Bar & Restaurant
Eden Horner,Zack’s Oak Bar & Restaurant
Farah Lantigua,Zack’s Oak Bar & Restaurant
Hollis Ybarbo,Zack’s Oak Bar & Restaurant
Ilene Haubert,Zack’s Oak Bar & Restaurant
Janett Hightower,Zack’s Oak Bar & Restaurant
Jarrett Viator,Zack’s Oak Bar & Restaurant
Josh Chard,Zack’s Oak Bar & Restaurant
Julio Brannum,Zack’s Oak Bar & Restaurant
Launa Monge,Zack’s Oak Bar & Restaurant
Leila Kravitz,Zack’s Oak Bar & Restaurant
Lissa Wedderburn,Zack’s Oak Bar & Restaurant
Margarete Woodbridge,Zack’s Oak Bar & Restaurant
Mathilda Partlow,Zack’s Oak Bar & Restaurant
Mikaela Nosal,Zack’s Oak Bar & Restaurant
Nadia Kerlin,Zack’s Oak Bar & Restaurant
Randolph Infante,Zack’s Oak Bar & Restaurant
Retta Rodrigues,Zack’s Oak Bar & Restaurant
Robt Packard,Zack’s Oak Bar & Restaurant
Samara Lawrie,Zack’s Oak Bar & Restaurant
Sherlene Blowers,Zack’s Oak Bar & Restaurant
Stephane You,Zack’s Oak Bar & Restaurant
Wilma Camburn,Zack’s Oak Bar & Restaurant