drinker,beer
Amira Badura,120 Minute IPA
Asley Molino,120 Minute IPA
Barbera Hirth,120 Minute IPA
Bradford Mulder,120 Minute IPA
Chas Loan,120 Minute IPA
Damion Wiegand,120 Minute IPA
Dana Xu,120 Minute IPA
Darcey Whittaker,120 Minute IPA
Darin Weekes,120 Minute IPA
Delaine Nader,120 Minute IPA
Demarcus Kohut,120 Minute IPA
Effie Preston,120 Minute IPA
Emilio Rountree,120 Minute IPA
Eunice Owusu,120 Minute IPA
Flora Valderas,120 Minute IPA
Garth Mascia,120 Minute IPA
Gerald Mckoy,120 Minute IPA
Gina Weigel,120 Minute IPA
Johnny Piermarini,120 Minute IPA
Juana Torkelson,120 Minute IPA
Kathlyn Burts,120 Minute IPA
Kelsey Brittain,120 Minute IPA
Krystal Whiteside,120 Minute IPA
Leatrice Nastasi,120 Minute IPA
Leo Gorgone,120 Minute IPA
Lilian Donahue,120 Minute IPA
Lynnette Ferree,120 Minute IPA
Michelle Lanphere,120 Minute IPA
Mora Hilley,120 Minute IPA
Nathanial Campbell,120 Minute IPA
Nickie Blakemore,120 Minute IPA
Ramona Sleeper,120 Minute IPA
Raymon Pawlik,120 Minute IPA
Rhett Doner,120 Minute IPA
Roman Lees,120 Minute IPA
Rozanne Youngblood,120 Minute IPA
Sammie Geers,120 Minute IPA
Sherryl Wickwire,120 Minute IPA
Somer Dimeo,120 Minute IPA
Stephane You,120 Minute IPA
Terica Rasmusson,120 Minute IPA
Ty Herbert,120 Minute IPA
Valorie Isaacson,120 Minute IPA
Yasmin Ronco,120 Minute IPA
Yee Landeros,120 Minute IPA
Yvonne Villafana,120 Minute IPA
Audrey Piccolo,60 Minute IPA
Berniece Pettigrew,60 Minute IPA
Britney Tyre,60 Minute IPA
Bunny Wertz,60 Minute IPA
Chelsey Loving,60 Minute IPA
Cherri Plum,60 Minute IPA
Chris Stice,60 Minute IPA
Claretta Mattes,60 Minute IPA
Delaine Nader,60 Minute IPA
Delicia Michalowski,60 Minute IPA
Desire Pelzer,60 Minute IPA
Ebonie Demeter,60 Minute IPA
Elise Bilby,60 Minute IPA
Elton Bigler,60 Minute IPA
Felica Seaver,60 Minute IPA
Gilberte Broadwater,60 Minute IPA
Grazyna Digiovanni,60 Minute IPA
Ilene Haubert,60 Minute IPA
Ingrid Ortman,60 Minute IPA
Jarred Chason,60 Minute IPA
Jarvis Hambleton,60 Minute IPA
Jonathan Straub,60 Minute IPA
Kayce Pitzen,60 Minute IPA
Keva Wiles,60 Minute IPA
Mafalda Barcomb,60 Minute IPA
Marco Dagostino,60 Minute IPA
Marna Jordahl,60 Minute IPA
Marvel Noles,60 Minute IPA
Mel Boese,60 Minute IPA
Mikaela Nosal,60 Minute IPA
Parker Searls,60 Minute IPA
Reyna Luke,60 Minute IPA
Rosio Dalessandro,60 Minute IPA
Shery Tallarico,60 Minute IPA
Theo Sproul,60 Minute IPA
Tracy Dull,60 Minute IPA
Zenaida Baudoin,60 Minute IPA
Alayna Goode,90 Minute IPA
Asley Molino,90 Minute IPA
Audrie Westfall,90 Minute IPA
Belle Tow,90 Minute IPA
Casey Schlager,90 Minute IPA
Caterina Borda,90 Minute IPA
Cletus Quimby,90 Minute IPA
Demetrice Prom,90 Minute IPA
Elton Bigler,90 Minute IPA
Eugenie Palmore,90 Minute IPA
Fabiola Molden,90 Minute IPA
Gala Hong,90 Minute IPA
Gaston Byron,90 Minute IPA
Hillary Borth,90 Minute IPA
Janean Glazer,90 Minute IPA
Kelsie Barreto,90 Minute IPA
Ken Gargano,90 Minute IPA
Laine Spagnoli,90 Minute IPA
Latrice Lamas,90 Minute IPA
Madie Tsang,90 Minute IPA
Nga Kerekes,90 Minute IPA
Pat Kuehl,90 Minute IPA
Preston Mooneyhan,90 Minute IPA
Rosalyn Mestas,90 Minute IPA
Rosamaria Isherwood,90 Minute IPA
Rozanne Youngblood,90 Minute IPA
Santina Auten,90 Minute IPA
Sena Farnham,90 Minute IPA
Sharen Leduc,90 Minute IPA
Sherlene Winstead,90 Minute IPA
Sherri Swindler,90 Minute IPA
Somer Dimeo,90 Minute IPA
Susie Ching,90 Minute IPA
Sylvie Deines,90 Minute IPA
Tawana Molder,90 Minute IPA
Yetta Giguere,90 Minute IPA
Zachery Emmanuel,90 Minute IPA
Alta Jarnigan,Amstel Lager
Brooke Warner,Amstel Lager
Candyce Treadwell,Amstel Lager
Daron Whalley,Amstel Lager
Dierdre Shelby,Amstel Lager
Elva Wycoff,Amstel Lager
Fairy Edwards,Amstel Lager
Gia Mireles,Amstel Lager
Joellen Connors,Amstel Lager
Josh Chard,Amstel Lager
Kira Fergerson,Amstel Lager
Laine Lindauer,Amstel Lager
Latrice Hambleton,Amstel Lager
Layne Seely,Amstel Lager
Lesa Lucero,Amstel Lager
Letha Taliaferro,Amstel Lager
Lory Kramer,Amstel Lager
Margret Regner,Amstel Lager
Michaele Fling,Amstel Lager
Minda Shake,Amstel Lager
Patricia Faries,Amstel Lager
Prince Thrailkill,Amstel Lager
Refugio Hanzlik,Amstel Lager
Ronald Bodin,Amstel Lager
Shana Lerma,Amstel Lager
Tawnya Bynoe,Amstel Lager
Tonda Dau,Amstel Lager
Trista Journey,Amstel Lager
Willow Dino,Amstel Lager
Albert Wentworth,Anchor Steam
Andria Valadez,Anchor Steam
Aracely Legrand,Anchor Steam
Cassi Radney,Anchor Steam
Cathern Gateley,Anchor Steam
Chong Scarborough,Anchor Steam
Claudine Villano,Anchor Steam
Danyelle Hatchell,Anchor Steam
Debrah Hixson,Anchor Steam
Demarcus Parker,Anchor Steam
Desire Pelzer,Anchor Steam
Dominque Platner,Anchor Steam
Eloisa Fishman,Anchor Steam
Ira Fralick,Anchor Steam
Irene Deluca,Anchor Steam
Ivan Lastra,Anchor Steam
Jarrett Viator,Anchor Steam
Larraine Snipes,Anchor Steam
Launa Monge,Anchor Steam
Lavinia Trojanowski,Anchor Steam
Lavonia Suitt,Anchor Steam
Lenita Burciaga,Anchor Steam
Macie Ruple,Anchor Steam
Magda Manners,Anchor Steam
Magnolia Bays,Anchor Steam
Rochell Grabowski,Anchor Steam
Selena Devault,Anchor Steam
Seth Goff,Anchor Steam
Shaunte Lambros,Anchor Steam
Tomiko Mcpheeters,Anchor Steam
Vannesa Saucier,Anchor Steam
Vernita Doi,Anchor Steam
Willette Hodgins,Anchor Steam
Amie Clampitt,Beck's
Angelika Servais,Beck's
Claudine Villano,Beck's
Debera Maisch,Beck's
Elizbeth Leith,Beck's
Elva Wycoff,Beck's
Ethyl Selke,Beck's
Gia Mireles,Beck's
Helen Crispin,Beck's
Hillary Borth,Beck's
Honey Millen,Beck's
Janel Hersman,Beck's
Jarvis Hambleton,Beck's
Jeffery Mcrae,Beck's
Lacy Hansford,Beck's
Laverne Jakes,Beck's
Mariella Boze,Beck's
Marlana Lovingood,Beck's
Myong Lusby,Beck's
Prince Thrailkill,Beck's
Rosemary Tatum,Beck's
Simonne Bare,Beck's
Tomiko Mcpheeters,Beck's
Bunny Wertz,Blue Moon Belgian White
Carroll Baine,Blue Moon Belgian White
Clementina Moultrie,Blue Moon Belgian White
Corrine Fred,Blue Moon Belgian White
Cristine Yeldell,Blue Moon Belgian White
Damon Prada,Blue Moon Belgian White
Danial Yurick,Blue Moon Belgian White
Dean Chapdelaine,Blue Moon Belgian White
Demarcus Kohut,Blue Moon Belgian White
Dominque Platner,Blue Moon Belgian White
Drusilla Reno,Blue Moon Belgian White
Elroy Daigre,Blue Moon Belgian White
Estefana Lasch,Blue Moon Belgian White
Felicidad Christner,Blue Moon Belgian White
Fidela Hannibal,Blue Moon Belgian White
Izola Jalbert,Blue Moon Belgian White
Jackelyn Gatchell,Blue Moon Belgian White
Jeanmarie Vanness,Blue Moon Belgian White
Jeneva Martinsen,Blue Moon Belgian White
Jesenia Solorio,Blue Moon Belgian White
Jina Mcburney,Blue Moon Belgian White
Jose Berube,Blue Moon Belgian White
Juana Torkelson,Blue Moon Belgian White
Kimbra Mcquillen,Blue Moon Belgian White
Li Stanek,Blue Moon Belgian White
Madie Tsang,Blue Moon Belgian White
Marissa Humes,Blue Moon Belgian White
Marquitta Oliver,Blue Moon Belgian White
Meredith Gobeil,Blue Moon Belgian White
Miesha Coke,Blue Moon Belgian White
Nadia Kerlin,Blue Moon Belgian White
Oleta Dickman,Blue Moon Belgian White
Robt Packard,Blue Moon Belgian White
Saturnina Zakrzewski,Blue Moon Belgian White
Sharilyn Mciver,Blue Moon Belgian White
Stephan Couture,Blue Moon Belgian White
Tasia Alleyne,Blue Moon Belgian White
Terry Caple,Blue Moon Belgian White
Theo Sproul,Blue Moon Belgian White
Trina Northam,Blue Moon Belgian White
Twyla Bullington,Blue Moon Belgian White
Vida Huertas,Blue Moon Belgian White
Amira Badura,Bud Lite
Andres Kamin,Bud Lite
Arlie Pinion,Bud Lite
Cami Weldon,Bud Lite
Casandra Lund,Bud Lite
Chante Singleton,Bud Lite
Dalia Lindsay,Bud Lite
Damien Parker,Bud Lite
Delaine Nader,Bud Lite
Demarcus Parker,Bud Lite
Diedre Jayne,Bud Lite
Ethelene Schimke,Bud Lite
Eugenie Palmore,Bud Lite
Fernanda Timko,Bud Lite
Fumiko Patlan,Bud Lite
Irish Rameau,Bud Lite
Ivy Morlan,Bud Lite
Jessia Dowd,Bud Lite
Kelley Junker,Bud Lite
Kristyn Timoteo,Bud Lite
Leonia Nalls,Bud Lite
Leonida Waldow,Bud Lite
Lisabeth Gethers,Bud Lite
Melaine Story,Bud Lite
Meta Fleckenstein,Bud Lite
Nada Ricci,Bud Lite
Randy Voigt,Bud Lite
Roberta Hadden,Bud Lite
Roxane Cai,Bud Lite
Roxy Cogar,Bud Lite
Sharon Eber,Bud Lite
Shavonda Brissette,Bud Lite
Shawn Begum,Bud Lite
Synthia Lavigne,Bud Lite
Versie Tebbs,Bud Lite
Wilfred Hennis,Bud Lite
Yee Landeros,Bud Lite
Angla Stookey,Bud Lite Platinum
Augustus Hassen,Bud Lite Platinum
Augustus Helget,Bud Lite Platinum
Coy Coger,Bud Lite Platinum
Damon Prada,Bud Lite Platinum
Dinah July,Bud Lite Platinum
Garfield Rieger,Bud Lite Platinum
Gigi Mcewan,Bud Lite Platinum
Gordon Duchesne,Bud Lite Platinum
Greg Sipp,Bud Lite Platinum
Jacqueline Hard,Bud Lite Platinum
Jasmin Babb,Bud Lite Platinum
Jessia Flippin,Bud Lite Platinum
Kasha Dimatteo,Bud Lite Platinum
Kimiko Packett,Bud Lite Platinum
Lael Mertens,Bud Lite Platinum
Leia Larkin,Bud Lite Platinum
Leslee Ortegon,Bud Lite Platinum
Linwood Carpentier,Bud Lite Platinum
Lisabeth Gethers,Bud Lite Platinum
Luella Shoemake,Bud Lite Platinum
Lyle Bastian,Bud Lite Platinum
Merrilee Chalmers,Bud Lite Platinum
Miguelina Sick,Bud Lite Platinum
Noah Suzuki,Bud Lite Platinum
Nona Fasano,Bud Lite Platinum
Renea Dawe,Bud Lite Platinum
Shala Wiebe,Bud Lite Platinum
Tawnya Bynoe,Bud Lite Platinum
Treasa Shurtleff,Bud Lite Platinum
Winifred Montano,Bud Lite Platinum
Anissa Matherly,Budweiser
Carolee Boltz,Budweiser
Charmain Stenberg,Budweiser
Cindi Ming,Budweiser
Colby Boatwright,Budweiser
Corrine Fred,Budweiser
Deandra Malbon,Budweiser
Drusilla Reno,Budweiser
Dulce Nuckols,Budweiser
Hanh Poll,Budweiser
Hershel Grill,Budweiser
Hollis Ybarbo,Budweiser
Kaylene Twombly,Budweiser
Lanny Sy,Budweiser
Latrice Hambleton,Budweiser
Leila Kravitz,Budweiser
Malvina Gibney,Budweiser
Michelle Lanphere,Budweiser
Mina Hertz,Budweiser
Monnie Hachey,Budweiser
Mose Sedberry,Budweiser
Ok Darland,Budweiser
Saul Scipio,Budweiser
Shala Wiebe,Budweiser
Sharonda Hedlund,Budweiser
Shenita Imel,Budweiser
Signe Cutlip,Budweiser
Siu Adcox,Budweiser
Tamatha Missildine,Budweiser
Theo Sproul,Budweiser
Weldon Lamphear,Budweiser
Wendy Lorentzen,Budweiser
Wynona Corker,Budweiser
Zachery Emmanuel,Budweiser
Alease Iriarte,Busch
Antonina Frye,Busch
Barton Toews,Busch
Carleen Eastwood,Busch
Charley Wolfgang,Busch
Cleotilde Bedsole,Busch
Cletus Quimby,Busch
Coreen Angelo,Busch
Damien Parker,Busch
Davida Trimm,Busch
Dottie Brooking,Busch
Eliseo Morra,Busch
Fatimah Plowman,Busch
Jan Amis,Busch
Kandice Jaworski,Busch
Kristian Stifter,Busch
Laquita Dismukes,Busch
Len Canavan,Busch
Lilly Kale,Busch
Lois Bones,Busch
Luella Shoemake,Busch
Marlana Lovingood,Busch
Mathew Dryer,Busch
Meaghan Liakos,Busch
Mechelle Streich,Busch
Micheline Lipka,Busch
Monnie Hachey,Busch
Noemi Matula,Busch
Raylene Giel,Busch
Refugio Hanzlik,Busch
Reid Swink,Busch
Rona Cox,Busch
Rosalyn Mestas,Busch
Rosena Ritchey,Busch
Sharmaine Boren,Busch
Shaunte Vandenbosch,Busch
Shena Marsch,Busch
Shenika Welle,Busch
Shenita Imel,Busch
Sonya Crumrine,Busch
Tanna Striegel,Busch
Thalia Littrell,Busch
Alex Hammaker,Carlsberg Export
Arthur Minks,Carlsberg Export
Ayanna Ehrmann,Carlsberg Export
Brant Rodi,Carlsberg Export
Charley Wolfgang,Carlsberg Export
Davida Riley,Carlsberg Export
Debrah Hixson,Carlsberg Export
Ernestina Cornwall,Carlsberg Export
Fredrick Terrones,Carlsberg Export
Gilberte Broadwater,Carlsberg Export
Gretta Bourke,Carlsberg Export
Ivette Stem,Carlsberg Export
Janean Glazer,Carlsberg Export
Janett Hightower,Carlsberg Export
Jarred Chason,Carlsberg Export
Jazmine Greve,Carlsberg Export
Jessia Flippin,Carlsberg Export
Kelli Beckles,Carlsberg Export
Krystin Rideout,Carlsberg Export
Lenita Burciaga,Carlsberg Export
Lynwood Mcneal,Carlsberg Export
Margo Faunce,Carlsberg Export
Mikaela Power,Carlsberg Export
Oralee Burciaga,Carlsberg Export
Raymon Pawlik,Carlsberg Export
Rosalie Enloe,Carlsberg Export
Roslyn Croswell,Carlsberg Export
Salena Melby,Carlsberg Export
Salena Terrel,Carlsberg Export
Sherri Swindler,Carlsberg Export
Stan Duffey,Carlsberg Export
Trent Blackledge,Carlsberg Export
Ty Herbert,Carlsberg Export
Violeta Durbin,Carlsberg Export
Wally Redington,Carlsberg Export
Wilburn Belvins,Carlsberg Export
Wilhemina Osby,Carlsberg Export
Yuki Gracia,Carlsberg Export
Aldo Hoffman,Coors Banquet
Ammie Revels,Coors Banquet
Athena Charlesworth,Coors Banquet
Ava Smolka,Coors Banquet
Buena Sowell,Coors Banquet
Catina Veal,Coors Banquet
Charles Gorton,Coors Banquet
Darcey Whittaker,Coors Banquet
Dianna Arai,Coors Banquet
Eden Horner,Coors Banquet
Emely Batchelder,Coors Banquet
Fidela Hannibal,Coors Banquet
Garth Mascia,Coors Banquet
Gerard Treiber,Coors Banquet
Humberto Nathan,Coors Banquet
Izetta Sullivan,Coors Banquet
Jina Mcburney,Coors Banquet
Joette Ulery,Coors Banquet
Johnathan Lester,Coors Banquet
Karolyn Griffin,Coors Banquet
Kylee Doung,Coors Banquet
Lacy Hansford,Coors Banquet
Laila Vanderveer,Coors Banquet
Lamar Munoz,Coors Banquet
Laverne Jakes,Coors Banquet
Leandra Andrus,Coors Banquet
Leila Kravitz,Coors Banquet
Leonia Nalls,Coors Banquet
Marta Emerick,Coors Banquet
Michaele Fling,Coors Banquet
Minda Shake,Coors Banquet
Noemi Matula,Coors Banquet
Palma Melgoza,Coors Banquet
Pearl Pellegrini,Coors Banquet
Reggie Lingle,Coors Banquet
Reyna Luke,Coors Banquet
Samara Lawrie,Coors Banquet
Sammie Geers,Coors Banquet
Sammy Michaelsen,Coors Banquet
Shelby Merrill,Coors Banquet
Sherlene Blowers,Coors Banquet
Sixta Arzu,Coors Banquet
Somer Dimeo,Coors Banquet
Stephane You,Coors Banquet
Treasa Shurtleff,Coors Banquet
Wilburn Belvins,Coors Banquet
Alysa Laplant,Coors Light
Andres Kamin,Coors Light
Ariana Olson,Coors Light
Bryon Furniss,Coors Light
Caron Caminiti,Coors Light
Danuta Russo,Coors Light
Deb Trundy,Coors Light
Dolly Booe,Coors Light
Fidela Hannibal,Coors Light
Gigi Mcewan,Coors Light
Herta Belt,Coors Light
Jacki Zielinski,Coors Light
Jessia Flippin,Coors Light
Joette Ulery,Coors Light
Kayce Pitzen,Coors Light
Kelsey Brittain,Coors Light
Kenda Touchet,Coors Light
Lamar Munoz,Coors Light
Mikaela Toledo,Coors Light
Rochel Hollomon,Coors Light
Rosalia Harris,Coors Light
Rubye Roa,Coors Light
Sammie Geers,Coors Light
Shon Gaston,Coors Light
Sudie Bartholow,Coors Light
Terri Pouncy,Coors Light
Trish Regis,Coors Light
Twana Lago,Coors Light
Ursula Scarboro,Coors Light
Viva Camire,Coors Light
Woodrow Witten,Coors Light
Alissa Bob,Corona Extra
Antwan Poulson,Corona Extra
Ashlyn Dildy,Corona Extra
Bee Sedgwick,Corona Extra
Celeste Laguardia,Corona Extra
Chi Mcwaters,Corona Extra
Christal Richarson,Corona Extra
Duncan Olin,Corona Extra
Erlinda Brooker,Corona Extra
Federico Erne,Corona Extra
Felica Seaver,Corona Extra
Fernanda Greenwood,Corona Extra
Garfield Rieger,Corona Extra
Gerald Mckoy,Corona Extra
Gordon Duchesne,Corona Extra
Janine Roiger,Corona Extra
Kristian Stifter,Corona Extra
Leandra Andrus,Corona Extra
Lory Kramer,Corona Extra
Malcom Maines,Corona Extra
Malik Lanza,Corona Extra
Meg Morlan,Corona Extra
Minnie Shain,Corona Extra
Noelle Kubiak,Corona Extra
Nyla Warrick,Corona Extra
Rashida Woodson,Corona Extra
Rita Mcalpine,Corona Extra
Shamika Marlar,Corona Extra
Vinita Versace,Corona Extra
Virginia Delara,Corona Extra
Wilfred Hennis,Corona Extra
Allan Persing,Corona Light
Amie Clampitt,Corona Light
Azzie Breese,Corona Light
Bev Mund,Corona Light
Celeste Laguardia,Corona Light
Cheryll Grant,Corona Light
Darin Weekes,Corona Light
Eldridge Mccord,Corona Light
Ernestina Cornwall,Corona Light
Flora Valderas,Corona Light
Frederic Schade,Corona Light
Hayden Rene,Corona Light
Janie Littell,Corona Light
Jef Ashbaugh,Corona Light
Karey Tietjen,Corona Light
Kattie Waldrop,Corona Light
Kris Britton,Corona Light
Landon Degenhardt,Corona Light
Leila Kravitz,Corona Light
Len Canavan,Corona Light
Lucas Croyle,Corona Light
Lula Swilley,Corona Light
Lynnette Ferree,Corona Light
Marco Dagostino,Corona Light
Margret Regner,Corona Light
Marquitta Oliver,Corona Light
Mikaela Nosal,Corona Light
Minnie Shain,Corona Light
Oralia Pettis,Corona Light
Phyliss Halperin,Corona Light
Preston Mooneyhan,Corona Light
Rochel Hollomon,Corona Light
Roselia Charters,Corona Light
Shavonda Hutchins,Corona Light
Shawn Begum,Corona Light
Sterling Brantner,Corona Light
Steven Defoor,Corona Light
Tawana Molder,Corona Light
Tracey Normand,Corona Light
Wilda Buchanan,Corona Light
Adriane Boaz,Dos Equis Amber Lager
Adrien Ladd,Dos Equis Amber Lager
Anglea Jeanpierre,Dos Equis Amber Lager
Berniece Pettigrew,Dos Equis Amber Lager
Carly Argo,Dos Equis Amber Lager
Catina Veal,Dos Equis Amber Lager
Charles Gorton,Dos Equis Amber Lager
Christopher Provence,Dos Equis Amber Lager
Damion Wiegand,Dos Equis Amber Lager
Debrah Hixson,Dos Equis Amber Lager
Dustin Schneider,Dos Equis Amber Lager
Ebonie Demeter,Dos Equis Amber Lager
Eliseo Morra,Dos Equis Amber Lager
Era Thorington,Dos Equis Amber Lager
Euna Blackstone,Dos Equis Amber Lager
Eunice Owusu,Dos Equis Amber Lager
Grover Pitzer,Dos Equis Amber Lager
Janean Glazer,Dos Equis Amber Lager
Janie Littell,Dos Equis Amber Lager
Kendall Gutman,Dos Equis Amber Lager
Lashawn Bonds,Dos Equis Amber Lager
Latarsha Holsapple,Dos Equis Amber Lager
Lilian Bieniek,Dos Equis Amber Lager
Lori Stott,Dos Equis Amber Lager
Malvina Gibney,Dos Equis Amber Lager
Mayra Mash,Dos Equis Amber Lager
Minda Shake,Dos Equis Amber Lager
Nada Ricci,Dos Equis Amber Lager
Pearl Joyce,Dos Equis Amber Lager
Rosena Ritchey,Dos Equis Amber Lager
Shamika Greiner,Dos Equis Amber Lager
Sherryl Wickwire,Dos Equis Amber Lager
Wilber Leighton,Dos Equis Amber Lager
Yasmin Ronco,Dos Equis Amber Lager
Adria Ostroff,Fat Tire Belgian Style Ale
Albina Lowell,Fat Tire Belgian Style Ale
Alysa Laplant,Fat Tire Belgian Style Ale
Anglea Jeanpierre,Fat Tire Belgian Style Ale
Bettyann Stelter,Fat Tire Belgian Style Ale
Cameron Almaguer,Fat Tire Belgian Style Ale
Carmelina Volpe,Fat Tire Belgian Style Ale
Carolee Boltz,Fat Tire Belgian Style Ale
Christal Richarson,Fat Tire Belgian Style Ale
Cleta Napoli,Fat Tire Belgian Style Ale
Daine Bibler,Fat Tire Belgian Style Ale
Florentina Matson,Fat Tire Belgian Style Ale
Janella Lane,Fat Tire Belgian Style Ale
Jarred Chason,Fat Tire Belgian Style Ale
Jeanene Student,Fat Tire Belgian Style Ale
Jefferey Chavous,Fat Tire Belgian Style Ale
Karolyn Griffin,Fat Tire Belgian Style Ale
Kathaleen Lenard,Fat Tire Belgian Style Ale
Kristle Bunge,Fat Tire Belgian Style Ale
Leighann Behm,Fat Tire Belgian Style Ale
Lucas Croyle,Fat Tire Belgian Style Ale
Mara Barnard,Fat Tire Belgian Style Ale
Mayra Newbold,Fat Tire Belgian Style Ale
Mercy Kromer,Fat Tire Belgian Style Ale
Modesto Feggins,Fat Tire Belgian Style Ale
Ollie Harren,Fat Tire Belgian Style Ale
Pat Kuehl,Fat Tire Belgian Style Ale
Rikki Wellington,Fat Tire Belgian Style Ale
Sena Farnham,Fat Tire Belgian Style Ale
Shery Tallarico,Fat Tire Belgian Style Ale
Vincent Nottage,Fat Tire Belgian Style Ale
Wilda Buchanan,Fat Tire Belgian Style Ale
Yolanda Kirst,Fat Tire Belgian Style Ale
Alphonse Brochu,Foster's Lager
Ashanti Cambre,Foster's Lager
Catina Veal,Foster's Lager
Christia Liberatore,Foster's Lager
Danita Singh,Foster's Lager
Darwin Waits,Foster's Lager
Debera Maisch,Foster's Lager
Dedra Goodale,Foster's Lager
Dian Shipley,Foster's Lager
Dorthey Coots,Foster's Lager
Effie Preston,Foster's Lager
Elvie Vandine,Foster's Lager
Emely Batchelder,Foster's Lager
Felicidad Christner,Foster's Lager
Felisa Fleetwood,Foster's Lager
Gerald Mckoy,Foster's Lager
Jef Ashbaugh,Foster's Lager
Kami Alred,Foster's Lager
Karlene Colosimo,Foster's Lager
Kizzie Goltz,Foster's Lager
Latia Blaney,Foster's Lager
Lauretta Leath,Foster's Lager
Layne Seely,Foster's Lager
Malvina Gibney,Foster's Lager
Mandie Sabia,Foster's Lager
Marchelle Boulter,Foster's Lager
Minda Shake,Foster's Lager
Noemi Gearheart,Foster's Lager
Reid Swink,Foster's Lager
Ronny Kuether,Foster's Lager
Roselia Charters,Foster's Lager
Rosena Ritchey,Foster's Lager
Rupert Rothschild,Foster's Lager
Seth Goff,Foster's Lager
Shauna Brehmer,Foster's Lager
Shu Ruggerio,Foster's Lager
Tambra Arocho,Foster's Lager
Trish Regis,Foster's Lager
Trisha Schurg,Foster's Lager
Van Pascua,Foster's Lager
Vickie Garvin,Foster's Lager
Wendolyn Pedraza,Foster's Lager
Adrianna Carstens,George Killian's Irish Red
Anton Kallenbach,George Killian's Irish Red
Araceli Schear,George Killian's Irish Red
Arlie Pinion,George Killian's Irish Red
Augustus Hassen,George Killian's Irish Red
Barney Newbury,George Killian's Irish Red
Barton Toews,George Killian's Irish Red
Candyce Treadwell,George Killian's Irish Red
Casey Schlager,George Killian's Irish Red
Cassaundra Lebowitz,George Killian's Irish Red
Daron Whalley,George Killian's Irish Red
Deena Olmedo,George Killian's Irish Red
Ethyl Selke,George Killian's Irish Red
Fumiko Patlan,George Killian's Irish Red
Honey Millen,George Killian's Irish Red
Jeanene Student,George Killian's Irish Red
Jessie Heywood,George Killian's Irish Red
Jesus Rosado,George Killian's Irish Red
Kelsie Barreto,George Killian's Irish Red
Kristi Yokum,George Killian's Irish Red
Lakisha Horsley,George Killian's Irish Red
Larraine Snipes,George Killian's Irish Red
Magnolia Bays,George Killian's Irish Red
Margret Regner,George Killian's Irish Red
Mechelle Streich,George Killian's Irish Red
Mei Shao,George Killian's Irish Red
Mirian Permenter,George Killian's Irish Red
Mora Hilley,George Killian's Irish Red
Nadine Fuller,George Killian's Irish Red
Ollie Harren,George Killian's Irish Red
Orville Critchlow,George Killian's Irish Red
Patria Knauss,George Killian's Irish Red
Serina Wurth,George Killian's Irish Red
Sharilyn Mciver,George Killian's Irish Red
Shavonda Hutchins,George Killian's Irish Red
Stephenie Gumbs,George Killian's Irish Red
Suzan Gaines,George Killian's Irish Red
Tawana Molder,George Killian's Irish Red
Vida Huertas,George Killian's Irish Red
Violeta Durbin,George Killian's Irish Red
Zenaida Baudoin,George Killian's Irish Red
Alex Hammaker,Grolsch Premium Lager
Alton Etheredge,Grolsch Premium Lager
Aron Parchman,Grolsch Premium Lager
Bart No,Grolsch Premium Lager
Candace Mcalpin,Grolsch Premium Lager
Doyle Trent,Grolsch Premium Lager
Eli Bosque,Grolsch Premium Lager
Elizbeth Villalta,Grolsch Premium Lager
George Ragsdale,Grolsch Premium Lager
Ilona Reding,Grolsch Premium Lager
Ivonne Draeger,Grolsch Premium Lager
Jeanetta Hatcher,Grolsch Premium Lager
Karlene Colosimo,Grolsch Premium Lager
Laquanda Hardeman,Grolsch Premium Lager
Lashaunda Fritch,Grolsch Premium Lager
Latrice Lamas,Grolsch Premium Lager
Lenny Funari,Grolsch Premium Lager
Meaghan Liakos,Grolsch Premium Lager
Necole Welte,Grolsch Premium Lager
Nga Blea,Grolsch Premium Lager
Patricia Faries,Grolsch Premium Lager
Roberto Casado,Grolsch Premium Lager
Rochell Grabowski,Grolsch Premium Lager
Rona Cox,Grolsch Premium Lager
Salena Melby,Grolsch Premium Lager
Shanon Dermody,Grolsch Premium Lager
Sherie Donofrio,Grolsch Premium Lager
Stan Duffey,Grolsch Premium Lager
Sudie Bartholow,Grolsch Premium Lager
Tory Dever,Grolsch Premium Lager
Vinita Versace,Grolsch Premium Lager
Wilburn Belvins,Grolsch Premium Lager
Winifred Montano,Grolsch Premium Lager
Yetta Giguere,Grolsch Premium Lager
Ailene Geers,Guiness Draught
Anderson Jerkins,Guiness Draught
Antonina Frye,Guiness Draught
Aurelio Melrose,Guiness Draught
Blondell Amos,Guiness Draught
Charlena Pals,Guiness Draught
Coy Coger,Guiness Draught
Daron Whalley,Guiness Draught
Delicia Michalowski,Guiness Draught
Dominque Platner,Guiness Draught
Dorinda Carwile,Guiness Draught
Ebonie Demeter,Guiness Draught
Eladia Montanye,Guiness Draught
Elden Hochmuth,Guiness Draught
Ernestina Cornwall,Guiness Draught
George Meloy,Guiness Draught
Humberto Nathan,Guiness Draught
Ilene Haubert,Guiness Draught
Ivan Lastra,Guiness Draught
Jacqueline Hard,Guiness Draught
Jc Dunfee,Guiness Draught
Jesus Rosado,Guiness Draught
Joelle Meza,Guiness Draught
Kenda Touchet,Guiness Draught
Krystin Rideout,Guiness Draught
Lanora Cousino,Guiness Draught
Leila Kravitz,Guiness Draught
Letha Taliaferro,Guiness Draught
Lieselotte Millis,Guiness Draught
Lori Stott,Guiness Draught
Mamie Vidrine,Guiness Draught
Marg Leaver,Guiness Draught
Maryland Wishart,Guiness Draught
Mikaela Power,Guiness Draught
Monserrate Romine,Guiness Draught
Necole Welte,Guiness Draught
Nieves Renn,Guiness Draught
Racquel Ridenhour,Guiness Draught
Rosalie Enloe,Guiness Draught
Roseann Tomczak,Guiness Draught
Shana Krings,Guiness Draught
Sharmaine Boren,Guiness Draught
Shea Lamoureaux,Guiness Draught
Teofila Dessert,Guiness Draught
Addie Mcsorley,Guiness Extra Stout
Alex Hammaker,Guiness Extra Stout
Andy Leonard,Guiness Extra Stout
Ardelia Marzano,Guiness Extra Stout
Avis Christner,Guiness Extra Stout
Candice Leinen,Guiness Extra Stout
Caroll Saari,Guiness Extra Stout
Charley Wolfgang,Guiness Extra Stout
Delcie Dimuzio,Guiness Extra Stout
Dian Shipley,Guiness Extra Stout
Drew Ong,Guiness Extra Stout
Eda Oscar,Guiness Extra Stout
Fred Fast,Guiness Extra Stout
Genna Veit,Guiness Extra Stout
Gerard Treiber,Guiness Extra Stout
Heide Dubon,Guiness Extra Stout
Izetta Sullivan,Guiness Extra Stout
Jackelyn Gatchell,Guiness Extra Stout
Jeffery Mcrae,Guiness Extra Stout
Joshua Feaster,Guiness Extra Stout
Julio Brannum,Guiness Extra Stout
Laveta Uplinger,Guiness Extra Stout
Lavonia Suitt,Guiness Extra Stout
Len Canavan,Guiness Extra Stout
Loni Dann,Guiness Extra Stout
Marget Olivas,Guiness Extra Stout
Mei Shao,Guiness Extra Stout
Milton Claypool,Guiness Extra Stout
Minna Headlee,Guiness Extra Stout
Mose Sedberry,Guiness Extra Stout
Nathanial Campbell,Guiness Extra Stout
Pa Rafter,Guiness Extra Stout
Rosemary Tatum,Guiness Extra Stout
Sanjuana Braham,Guiness Extra Stout
Selena Bohner,Guiness Extra Stout
Sena Farnham,Guiness Extra Stout
Stacie Seda,Guiness Extra Stout
Steffanie Titcomb,Guiness Extra Stout
Stephane You,Guiness Extra Stout
Syreeta Epperson,Guiness Extra Stout
Terica Rasmusson,Guiness Extra Stout
Terrilyn Aguayo,Guiness Extra Stout
Tod Lyman,Guiness Extra Stout
Versie Tebbs,Guiness Extra Stout
Vicente Hintzen,Guiness Extra Stout
Wally Redington,Guiness Extra Stout
Wilbert Chatmon,Guiness Extra Stout
Yevette Cowherd,Guiness Extra Stout
Agueda Treat,Heineken Light Lager
Alayna Goode,Heineken Light Lager
Angelika Servais,Heineken Light Lager
Ardelia Marzano,Heineken Light Lager
Ariel Lomax,Heineken Light Lager
Ashlyn Dildy,Heineken Light Lager
Berenice Firth,Heineken Light Lager
Bradford Mulder,Heineken Light Lager
Cassaundra Lebowitz,Heineken Light Lager
Cherri Plum,Heineken Light Lager
Colene Aguillon,Heineken Light Lager
Corrine Fred,Heineken Light Lager
Daniella Denby,Heineken Light Lager
Deandra Malbon,Heineken Light Lager
Dwain Imai,Heineken Light Lager
Eula Elvira,Heineken Light Lager
Heide Dubon,Heineken Light Lager
Jina Mcburney,Heineken Light Lager
Julienne Im,Heineken Light Lager
Karlene Colosimo,Heineken Light Lager
Karren Jacobus,Heineken Light Lager
Kenton Dimas,Heineken Light Lager
Kirstin Mondragon,Heineken Light Lager
Kristi Yokum,Heineken Light Lager
Laveta Uplinger,Heineken Light Lager
Les Tiner,Heineken Light Lager
Marchelle Boulter,Heineken Light Lager
Marla Eves,Heineken Light Lager
Mathilda Partlow,Heineken Light Lager
Meaghan Liakos,Heineken Light Lager
Mikaela Toledo,Heineken Light Lager
Noelle Kubiak,Heineken Light Lager
Phyliss Yerby,Heineken Light Lager
Rochel Hollomon,Heineken Light Lager
Roxane Cai,Heineken Light Lager
Sammie Geers,Heineken Light Lager
Sharda Branson,Heineken Light Lager
Stacie Seda,Heineken Light Lager
Stefany Lepage,Heineken Light Lager
Wyatt Zipp,Heineken Light Lager
Agustina Dover,Heineken Premium Light Lager
Creola Stgelais,Heineken Premium Light Lager
Dalene Cavanaugh,Heineken Premium Light Lager
Ela Mcgilvery,Heineken Premium Light Lager
Elizbeth Villalta,Heineken Premium Light Lager
Fred Fast,Heineken Premium Light Lager
Jackson Epps,Heineken Premium Light Lager
Jay Heinemann,Heineken Premium Light Lager
Kasha Dimatteo,Heineken Premium Light Lager
Lacresha Tripodi,Heineken Premium Light Lager
Laila Vanderveer,Heineken Premium Light Lager
Lois Bones,Heineken Premium Light Lager
Lyle Bastian,Heineken Premium Light Lager
Madison Fine,Heineken Premium Light Lager
Mirian Permenter,Heineken Premium Light Lager
Rikki Wellington,Heineken Premium Light Lager
Robbyn Kappel,Heineken Premium Light Lager
Rosamaria Isherwood,Heineken Premium Light Lager
Shaniqua Mcwhirter,Heineken Premium Light Lager
Sharlene Edmundson,Heineken Premium Light Lager
Sherryl Wickwire,Heineken Premium Light Lager
Skye Wragg,Heineken Premium Light Lager
Verona Guernsey,Heineken Premium Light Lager
Wanetta Storie,Heineken Premium Light Lager
Yuriko Bracamonte,Heineken Premium Light Lager
Adina Tewksbury,Hoegaarden Original White Ale
Ammie Revels,Hoegaarden Original White Ale
Anissa Daulton,Hoegaarden Original White Ale
Aron Parchman,Hoegaarden Original White Ale
Ashanti Cambre,Hoegaarden Original White Ale
Aurelia Bassett,Hoegaarden Original White Ale
Belle Tow,Hoegaarden Original White Ale
Brooke Warner,Hoegaarden Original White Ale
Coleman Bremner,Hoegaarden Original White Ale
Deandra Malbon,Hoegaarden Original White Ale
Devin Arora,Hoegaarden Original White Ale
Elizbeth Villalta,Hoegaarden Original White Ale
Euna Blackstone,Hoegaarden Original White Ale
Gaston Byron,Hoegaarden Original White Ale
Genevieve Schrage,Hoegaarden Original White Ale
Helena Linkous,Hoegaarden Original White Ale
Jade Vanetten,Hoegaarden Original White Ale
Jasper Noble,Hoegaarden Original White Ale
Joellen Connors,Hoegaarden Original White Ale
Joy Louie,Hoegaarden Original White Ale
Julio Brannum,Hoegaarden Original White Ale
Jutta Andrzejewski,Hoegaarden Original White Ale
Kai Mcglown,Hoegaarden Original White Ale
Kelley Junker,Hoegaarden Original White Ale
Keva Wiles,Hoegaarden Original White Ale
Kristle Bunge,Hoegaarden Original White Ale
Laine Lindauer,Hoegaarden Original White Ale
Laine Spagnoli,Hoegaarden Original White Ale
Lashaunda Fritch,Hoegaarden Original White Ale
Lauretta Leath,Hoegaarden Original White Ale
Lenny Funari,Hoegaarden Original White Ale
Loida Lebow,Hoegaarden Original White Ale
Luella Shoemake,Hoegaarden Original White Ale
Marine Fagundes,Hoegaarden Original White Ale
Marissa Humes,Hoegaarden Original White Ale
Meta Fleckenstein,Hoegaarden Original White Ale
Nisha Weisner,Hoegaarden Original White Ale
Nyla Warrick,Hoegaarden Original White Ale
Orville Critchlow,Hoegaarden Original White Ale
Rachal Mattes,Hoegaarden Original White Ale
Rosamaria Isherwood,Hoegaarden Original White Ale
Rosena Ritchey,Hoegaarden Original White Ale
Roslyn Croswell,Hoegaarden Original White Ale
Rubye Roa,Hoegaarden Original White Ale
Tom Brickey,Hoegaarden Original White Ale
Winston Vanloan,Hoegaarden Original White Ale
Abel Graziano,Hofbraü Oktoberfestbier
Agueda Paek,Hofbraü Oktoberfestbier
Andre Sams,Hofbraü Oktoberfestbier
Arvilla Netto,Hofbraü Oktoberfestbier
Barney Newbury,Hofbraü Oktoberfestbier
Charmain Stenberg,Hofbraü Oktoberfestbier
Claudette Strope,Hofbraü Oktoberfestbier
Danuta Russo,Hofbraü Oktoberfestbier
Dean Chapdelaine,Hofbraü Oktoberfestbier
Diedre Jayne,Hofbraü Oktoberfestbier
Dwain Imai,Hofbraü Oktoberfestbier
Eboni Cadet,Hofbraü Oktoberfestbier
Era Thorington,Hofbraü Oktoberfestbier
Evette Wedding,Hofbraü Oktoberfestbier
Fernanda Greenwood,Hofbraü Oktoberfestbier
Ingrid Ortman,Hofbraü Oktoberfestbier
Jessie Heywood,Hofbraü Oktoberfestbier
Joette Ulery,Hofbraü Oktoberfestbier
Kendall Gutman,Hofbraü Oktoberfestbier
Kimiko Packett,Hofbraü Oktoberfestbier
Kizzie Goltz,Hofbraü Oktoberfestbier
Kristi Yokum,Hofbraü Oktoberfestbier
Landon Degenhardt,Hofbraü Oktoberfestbier
Les Tiner,Hofbraü Oktoberfestbier
Lilly Kale,Hofbraü Oktoberfestbier
Lola Goings,Hofbraü Oktoberfestbier
Lucas Dellinger,Hofbraü Oktoberfestbier
Lynette Towers,Hofbraü Oktoberfestbier
Margo Faunce,Hofbraü Oktoberfestbier
Marta Emerick,Hofbraü Oktoberfestbier
Oleta Dickman,Hofbraü Oktoberfestbier
Olinda Hallmark,Hofbraü Oktoberfestbier
Peg Pizarro,Hofbraü Oktoberfestbier
Phil Mansfield,Hofbraü Oktoberfestbier
Regina Herbert,Hofbraü Oktoberfestbier
Roselle Kenny,Hofbraü Oktoberfestbier
Roxane Cai,Hofbraü Oktoberfestbier
Scott Basta,Hofbraü Oktoberfestbier
Shana Krings,Hofbraü Oktoberfestbier
Sheryl Graydon,Hofbraü Oktoberfestbier
Susie Ching,Hofbraü Oktoberfestbier
Tracy Dull,Hofbraü Oktoberfestbier
Vincent Nottage,Hofbraü Oktoberfestbier
Xavier Marinelli,Hofbraü Oktoberfestbier
Youlanda Avallone,Hofbraü Oktoberfestbier
Ailene Geers,Hofbraü Original
Ariel Lomax,Hofbraü Original
Catina Veal,Hofbraü Original
Celeste Laguardia,Hofbraü Original
Charlene Rood,Hofbraü Original
Ciara Cerrato,Hofbraü Original
Dian Shipley,Hofbraü Original
Dionne Degreenia,Hofbraü Original
Eboni Cadet,Hofbraü Original
Erasmo Matte,Hofbraü Original
Jesenia Solorio,Hofbraü Original
Karolyn Griffin,Hofbraü Original
Lakeesha Ellender,Hofbraü Original
Lanette Michna,Hofbraü Original
Lonna Manske,Hofbraü Original
Madie Frutos,Hofbraü Original
Mathew Dryer,Hofbraü Original
Merrilee Barlow,Hofbraü Original
Morgan Bargas,Hofbraü Original
Porfirio Moschella,Hofbraü Original
Reggie Lingle,Hofbraü Original
Rocco Dollinger,Hofbraü Original
Roslyn Croswell,Hofbraü Original
Sharlene Edmundson,Hofbraü Original
Van Pascua,Hofbraü Original
Wynona Corker,Hofbraü Original
Yvonne Villafana,Hofbraü Original
Zonia Schack,Hofbraü Original
Adria Ostroff,Keystone Light
Agueda Treat,Keystone Light
Belle Tow,Keystone Light
Betsy Sheaffer,Keystone Light
Brant Rodi,Keystone Light
Britney Tyre,Keystone Light
Carly Argo,Keystone Light
Caterina Borda,Keystone Light
Charlene Rood,Keystone Light
Cristi Hoerner,Keystone Light
Domonique Francia,Keystone Light
Elmer Million,Keystone Light
Evelia Linton,Keystone Light
Gina Weigel,Keystone Light
Giovanny Malsam,Keystone Light
Herschel Mascorro,Keystone Light
Jade Vanetten,Keystone Light
Jazmine Greve,Keystone Light
Kandice Jaworski,Keystone Light
Karie Clouser,Keystone Light
Kimiko Packett,Keystone Light
Laila Vanderveer,Keystone Light
Letha Taliaferro,Keystone Light
Lilian Bieniek,Keystone Light
Lucas Dellinger,Keystone Light
Madeleine Vanbrunt,Keystone Light
Marine Muirhead,Keystone Light
Nakisha Alberico,Keystone Light
Nieves Renn,Keystone Light
Reyna Luke,Keystone Light
Rosalie Enloe,Keystone Light
Scott Basta,Keystone Light
Shenika Welle,Keystone Light
Shera Cacciatore,Keystone Light
Shu Ruggerio,Keystone Light
Tracy Dull,Keystone Light
Treena Puig,Keystone Light
Trina Northam,Keystone Light
Venus Montijo,Keystone Light
Versie Tebbs,Keystone Light
Yasmin Ronco,Keystone Light
Yasuko Beer,Keystone Light
Yevette Rawles,Keystone Light
Zac Torgersen,Keystone Light
Adrianna Carstens,Labatt Blue
Albina Lowell,Labatt Blue
Anton Kallenbach,Labatt Blue
Barton Magdaleno,Labatt Blue
Blake Guion,Labatt Blue
Carolina Burt,Labatt Blue
Charlena Pals,Labatt Blue
Ciera Pletcher,Labatt Blue
Danial Yurick,Labatt Blue
Daniel Huffer,Labatt Blue
Dexter Sparks,Labatt Blue
Drusilla Salls,Labatt Blue
Emilio Rountree,Labatt Blue
Erasmo Matte,Labatt Blue
Eugenio Stong,Labatt Blue
Fernanda Timko,Labatt Blue
Gaylene Manuelito,Labatt Blue
Georgiann Corzine,Labatt Blue
Gertrud Catto,Labatt Blue
Gil Millspaugh,Labatt Blue
Jeanmarie Vanness,Labatt Blue
Jimmie Cassinelli,Labatt Blue
Karmen Blessing,Labatt Blue
Lanny Sy,Labatt Blue
Lavone Hickox,Labatt Blue
Lavonia Haymond,Labatt Blue
Lola Goings,Labatt Blue
Lynette Towers,Labatt Blue
Mac Sorg,Labatt Blue
Mariella Boze,Labatt Blue
Mariette Krupa,Labatt Blue
Marquitta Oliver,Labatt Blue
Michale Soileau,Labatt Blue
Nobuko Ruark,Labatt Blue
Palma Zander,Labatt Blue
Patria Knauss,Labatt Blue
Refugio Hanzlik,Labatt Blue
Reggie Lingle,Labatt Blue
Roxanne Bybee,Labatt Blue
Santina Auten,Labatt Blue
Shala Wiebe,Labatt Blue
Shaniqua Mcwhirter,Labatt Blue
Shauna Brehmer,Labatt Blue
Shavonda Hutchins,Labatt Blue
Sudie Bartholow,Labatt Blue
Syreeta Epperson,Labatt Blue
Toney Lebsock,Labatt Blue
Tracey Normand,Labatt Blue
Valorie Isaacson,Labatt Blue
Wally Redington,Labatt Blue
Wilfred Hennis,Labatt Blue
Youlanda Avallone,Labatt Blue
Zoraida Hutchinson,Labatt Blue
Ammie Revels,Labatt Blue Light
Andrea Wilbanks,Labatt Blue Light
Arianne Almeda,Labatt Blue Light
Bee Sedgwick,Labatt Blue Light
Cara Harner,Labatt Blue Light
Casimira Ammann,Labatt Blue Light
Ciara Strachan,Labatt Blue Light
Cleotilde Mcfarren,Labatt Blue Light
Clora Pollock,Labatt Blue Light
Daniel Huffer,Labatt Blue Light
Domenic Rosecrans,Labatt Blue Light
Donnette Skipper,Labatt Blue Light
Edna Wen,Labatt Blue Light
Elden Hochmuth,Labatt Blue Light
Emely Batchelder,Labatt Blue Light
Estefana Augustyn,Labatt Blue Light
Eveline Ramires,Labatt Blue Light
Gabriela Mackay,Labatt Blue Light
Giovanny Malsam,Labatt Blue Light
Grover Pitzer,Labatt Blue Light
Hayden Rene,Labatt Blue Light
Isobel Vallee,Labatt Blue Light
Jay Heinemann,Labatt Blue Light
Juliette Hervey,Labatt Blue Light
Jutta Andrzejewski,Labatt Blue Light
Kerrie Seamons,Labatt Blue Light
Kristle Bunge,Labatt Blue Light
Marvel Noles,Labatt Blue Light
Meg Morlan,Labatt Blue Light
Mikaela Power,Labatt Blue Light
Milton Stenberg,Labatt Blue Light
Ollie Risher,Labatt Blue Light
Patria Knauss,Labatt Blue Light
Patricia Faries,Labatt Blue Light
Patsy Holbrook,Labatt Blue Light
Phyliss Yerby,Labatt Blue Light
Randal Lamberti,Labatt Blue Light
Seth Goff,Labatt Blue Light
Shan Truelove,Labatt Blue Light
Shanon Kyle,Labatt Blue Light
Sharmaine Boren,Labatt Blue Light
Sherie Donofrio,Labatt Blue Light
Sumiko Youngren,Labatt Blue Light
Venus Montijo,Labatt Blue Light
Zora Hayden,Labatt Blue Light
Agueda Paek,Lagunitas IPA
Athena Charlesworth,Lagunitas IPA
Aurelio Melrose,Lagunitas IPA
Bryon Furniss,Lagunitas IPA
Claudette Strope,Lagunitas IPA
Colene Aguillon,Lagunitas IPA
Effie Preston,Lagunitas IPA
Flora Valderas,Lagunitas IPA
Kizzie Goltz,Lagunitas IPA
Ling Croley,Lagunitas IPA
Mafalda Olivares,Lagunitas IPA
Mayra Mash,Lagunitas IPA
Meredith Gobeil,Lagunitas IPA
Miki Leclaire,Lagunitas IPA
Mirian Betton,Lagunitas IPA
Nakita Costin,Lagunitas IPA
Rona Cox,Lagunitas IPA
Tory Dever,Lagunitas IPA
Tyrone Wyman,Lagunitas IPA
Zora Hayden,Lagunitas IPA
Addie Mcsorley,Landshark
Adina Tewksbury,Landshark
Adriane Boaz,Landshark
Alayna Centers,Landshark
Andy Leonard,Landshark
Audrey Piccolo,Landshark
Babara Dempster,Landshark
Carolina Burt,Landshark
Dewayne Ariza,Landshark
Dexter Sparks,Landshark
Doyle Trent,Landshark
Ehtel Remy,Landshark
Eugenie Palmore,Landshark
Fredrick Terrones,Landshark
Genevieve Schrage,Landshark
Jeanie Willet,Landshark
Jimmie Cassinelli,Landshark
Joyce Hirano,Landshark
Kathlyn Burts,Landshark
Kayce Pitzen,Landshark
Leatrice Nastasi,Landshark
Lenita Burciaga,Landshark
Loni Dann,Landshark
Lovie Simmons,Landshark
Madelyn Whitesell,Landshark
Maris Ogorman,Landshark
Mercy Kromer,Landshark
Merrilee Chalmers,Landshark
Nisha Weisner,Landshark
Noemi Matula,Landshark
Pa Rafter,Landshark
Pearl Joyce,Landshark
Pearl Pellegrini,Landshark
Shala Wiebe,Landshark
Shanon Dermody,Landshark
Shu Ruggerio,Landshark
Stewart Suther,Landshark
Sumiko Youngren,Landshark
Sylvester Gaudette,Landshark
Theo Sproul,Landshark
Tyrone Wyman,Landshark
Vickie Garvin,Landshark
Wynona Corker,Landshark
Zenaida Baudoin,Landshark
Zoraida Hutchinson,Landshark
Audrey Piccolo,Michelob Light
Barney Newbury,Michelob Light
Barton Toews,Michelob Light
Casandra Lund,Michelob Light
Cecil Stillings,Michelob Light
Chun Pointer,Michelob Light
Daine Bibler,Michelob Light
Damon Prada,Michelob Light
Jeanmarie Vanness,Michelob Light
Katrice Capasso,Michelob Light
Kera Person,Michelob Light
Lissa Wedderburn,Michelob Light
Loida Lebow,Michelob Light
Lovie Simmons,Michelob Light
Macie Ruple,Michelob Light
Melanie Austin,Michelob Light
Merrilee Chalmers,Michelob Light
Micheline Lipka,Michelob Light
Myong Lusby,Michelob Light
Ramiro Domino,Michelob Light
Randolph Infante,Michelob Light
Roosevelt Gassaway,Michelob Light
Roxanne Bybee,Michelob Light
Sherlene Winstead,Michelob Light
Starr Isabelle,Michelob Light
Tomiko Mcpheeters,Michelob Light
Ty Herbert,Michelob Light
Vannesa Saucier,Michelob Light
Versie Tebbs,Michelob Light
Agueda Treat,Michelob Original Lager
Andreas Benner,Michelob Original Lager
Anthony Mally,Michelob Original Lager
Elise Bilby,Michelob Original Lager
Felicidad Christner,Michelob Original Lager
Fred Fast,Michelob Original Lager
Isabelle Omar,Michelob Original Lager
Jacques Bueche,Michelob Original Lager
Juliette Hervey,Michelob Original Lager
Kera Costin,Michelob Original Lager
Kera Person,Michelob Original Lager
Lanette Michna,Michelob Original Lager
Lashaunda Fritch,Michelob Original Lager
Latrice Lamas,Michelob Original Lager
Lesa Lucero,Michelob Original Lager
Lindy League,Michelob Original Lager
Marcela Kraker,Michelob Original Lager
Marla Eves,Michelob Original Lager
Marquetta Hollis,Michelob Original Lager
Miki Leclaire,Michelob Original Lager
Mora Hilley,Michelob Original Lager
Noah Suzuki,Michelob Original Lager
Palma Melgoza,Michelob Original Lager
Randal Lamberti,Michelob Original Lager
Serina Wurth,Michelob Original Lager
Stephan Couture,Michelob Original Lager
Takisha Delia,Michelob Original Lager
Toney Lebsock,Michelob Original Lager
Twana Lago,Michelob Original Lager
Violeta Durbin,Michelob Original Lager
Winston Vanloan,Michelob Original Lager
Wonda Vangundy,Michelob Original Lager
Agustina Dover,Michelob Ultra
Andrea Wilbanks,Michelob Ultra
Angelika Servais,Michelob Ultra
Arvilla Netto,Michelob Ultra
Candyce Treadwell,Michelob Ultra
Carleen Eastwood,Michelob Ultra
Claudine Villano,Michelob Ultra
Clifford Antonelli,Michelob Ultra
Coy Bjelland,Michelob Ultra
Coy Coger,Michelob Ultra
Damien Parker,Michelob Ultra
Dewayne Ariza,Michelob Ultra
Elmer Million,Michelob Ultra
Felisa Fleetwood,Michelob Ultra
Fernanda Greenwood,Michelob Ultra
Fumiko Patlan,Michelob Ultra
Gabriela Mackay,Michelob Ultra
Gonzalo Lester,Michelob Ultra
Gordon Duchesne,Michelob Ultra
Greg Sipp,Michelob Ultra
Henrietta Karr,Michelob Ultra
Hollis Ybarbo,Michelob Ultra
Ivette Stem,Michelob Ultra
Jacques Bueche,Michelob Ultra
Joy Louie,Michelob Ultra
Joye Deangelo,Michelob Ultra
Karey Pio,Michelob Ultra
Katrice Capasso,Michelob Ultra
Lanora Cousino,Michelob Ultra
Laquanda Hardeman,Michelob Ultra
Laveta Uplinger,Michelob Ultra
Lisha Bence,Michelob Ultra
Marcela Kraker,Michelob Ultra
Marcus Griffin,Michelob Ultra
Margarete Woodbridge,Michelob Ultra
Noe Colburn,Michelob Ultra
Otelia Angulo,Michelob Ultra
Prince Thrailkill,Michelob Ultra
Ramona Sleeper,Michelob Ultra
Robert Balk,Michelob Ultra
Roberta Hadden,Michelob Ultra
Roman Lees,Michelob Ultra
Rubye Roa,Michelob Ultra
Shawn Begum,Michelob Ultra
Stephenie Gumbs,Michelob Ultra
Thelma Lott,Michelob Ultra
Treena Puig,Michelob Ultra
Tyrone Wyman,Michelob Ultra
Zachery Emmanuel,Michelob Ultra
Zora Hayden,Michelob Ultra
Adriane Boaz,Miller High Life
Ailene Geers,Miller High Life
Ashanti Cambre,Miller High Life
Audrie Westfall,Miller High Life
Barton Magdaleno,Miller High Life
Bethann Moller,Miller High Life
Carmelina Volpe,Miller High Life
Charissa Lyke,Miller High Life
Dalia Lindsay,Miller High Life
Darin Weekes,Miller High Life
Debera Maisch,Miller High Life
Dinah July,Miller High Life
Dorinda Carwile,Miller High Life
Elizbeth Villalta,Miller High Life
Elvie Vandine,Miller High Life
Evie Fisk,Miller High Life
Gaston Byron,Miller High Life
Gordon Duchesne,Miller High Life
Ingrid Savidge,Miller High Life
Kami Alred,Miller High Life
Karey Tietjen,Miller High Life
Lavinia Trojanowski,Miller High Life
Lilian Donahue,Miller High Life
Malka Wager,Miller High Life
Margret Regner,Miller High Life
Minda Shake,Miller High Life
Mirian Betton,Miller High Life
Mose Sedberry,Miller High Life
Oleta Dickman,Miller High Life
Oralee Burciaga,Miller High Life
Prince Thrailkill,Miller High Life
Ramiro Domino,Miller High Life
Randolph Infante,Miller High Life
Retta Rodrigues,Miller High Life
Shamika Greiner,Miller High Life
Shanon Kyle,Miller High Life
Sharmaine Boren,Miller High Life
Shaunte Vandenbosch,Miller High Life
Sondra Cardona,Miller High Life
Thalia Littrell,Miller High Life
Theressa Haig,Miller High Life
Wilhemina Osby,Miller High Life
Willette Brosius,Miller High Life
Zac Torgersen,Miller High Life
Adrien Ladd,Miller Lite
Angele Scheck,Miller Lite
Antwan Poulson,Miller Lite
Aracely Legrand,Miller Lite
Ariana Olson,Miller Lite
Arthur Minks,Miller Lite
Azzie Breese,Miller Lite
Calista Presler,Miller Lite
Cami Weldon,Miller Lite
Carolina Burt,Miller Lite
Cletus Quimby,Miller Lite
Daine Bibler,Miller Lite
Damion Wiegand,Miller Lite
Farah Lantigua,Miller Lite
Gerald Mckoy,Miller Lite
Heidi Burry,Miller Lite
Henrietta Karr,Miller Lite
Herta Belt,Miller Lite
Jacqueline Hard,Miller Lite
Jeanene Student,Miller Lite
Jeffery Mcrae,Miller Lite
Josh Chard,Miller Lite
Joyce Hirano,Miller Lite
Kathaleen Lenard,Miller Lite
Kira Fergerson,Miller Lite
Lavonia Suitt,Miller Lite
Leo Gorgone,Miller Lite
Lori Stott,Miller Lite
Marine Fagundes,Miller Lite
Mechelle Streich,Miller Lite
Mickie Barreiro,Miller Lite
Mitchel Sherwin,Miller Lite
Nadine Fuller,Miller Lite
Nyla Warrick,Miller Lite
Olinda Hallmark,Miller Lite
Oralia Pettis,Miller Lite
Patsy Holbrook,Miller Lite
Phil Mansfield,Miller Lite
Phyliss Halperin,Miller Lite
Reginia Carney,Miller Lite
Reita Swigert,Miller Lite
Robt Packard,Miller Lite
Rosio Dalessandro,Miller Lite
Rupert Rothschild,Miller Lite
Scott Basta,Miller Lite
Shaniqua Mcwhirter,Miller Lite
Synthia Lavigne,Miller Lite
Viva Camire,Miller Lite
Addie Mcsorley,Molson Canadian Lager
Alexa Steppe,Molson Canadian Lager
Aracely Legrand,Molson Canadian Lager
Asley Molino,Molson Canadian Lager
Candice Leinen,Molson Canadian Lager
Chantelle Marcucci,Molson Canadian Lager
Contessa Vandyke,Molson Canadian Lager
Craig Mitschke,Molson Canadian Lager
Cristine Yeldell,Molson Canadian Lager
Eliseo Morra,Molson Canadian Lager
Ethyl Selke,Molson Canadian Lager
Gerry Postma,Molson Canadian Lager
Gertrud Catto,Molson Canadian Lager
Herschel Mascorro,Molson Canadian Lager
Ilona Reding,Molson Canadian Lager
Janett Hightower,Molson Canadian Lager
Janie Littell,Molson Canadian Lager
Jasper Noble,Molson Canadian Lager
Jeanie Willet,Molson Canadian Lager
Jeneva Martinsen,Molson Canadian Lager
Jewell Curci,Molson Canadian Lager
Jim Portera,Molson Canadian Lager
Karey Tietjen,Molson Canadian Lager
Katrice Capasso,Molson Canadian Lager
Kelsi Winnie,Molson Canadian Lager
Kenton Dimas,Molson Canadian Lager
Kera Costin,Molson Canadian Lager
Loni Dann,Molson Canadian Lager
Mafalda Olivares,Molson Canadian Lager
Many Purvis,Molson Canadian Lager
Margie Leffel,Molson Canadian Lager
Monnie Hachey,Molson Canadian Lager
Monserrate Romine,Molson Canadian Lager
Rochell Grabowski,Molson Canadian Lager
Son Lanni,Molson Canadian Lager
Tanika Creel,Molson Canadian Lager
Terry Caple,Molson Canadian Lager
Tommye Swart,Molson Canadian Lager
Vicente Hintzen,Molson Canadian Lager
Wendolyn Pedraza,Molson Canadian Lager
Adele Dickerson,Natural Ice
Alease Iriarte,Natural Ice
Antonina Frye,Natural Ice
Ashlie Vantassel,Natural Ice
Bernie Pilcher,Natural Ice
Charles Gorton,Natural Ice
Chas Loan,Natural Ice
Clora Pollock,Natural Ice
Dana Xu,Natural Ice
Danial Yurick,Natural Ice
Demarcus Kohut,Natural Ice
Dewayne Ariza,Natural Ice
Dottie Brooking,Natural Ice
Dulce Nuckols,Natural Ice
Eloisa Fishman,Natural Ice
Estefana Augustyn,Natural Ice
Georgette Gautier,Natural Ice
Gregorio Krupp,Natural Ice
Honey Millen,Natural Ice
Irene Deluca,Natural Ice
Jami Wojtowicz,Natural Ice
Janean Glazer,Natural Ice
Janett Hightower,Natural Ice
Jarred Chason,Natural Ice
Jeremiah Strange,Natural Ice
Jutta Andrzejewski,Natural Ice
Kandice Jaworski,Natural Ice
Kathlyn Burts,Natural Ice
Kelsi Winnie,Natural Ice
Kira Fergerson,Natural Ice
Lory Kramer,Natural Ice
Mac Sorg,Natural Ice
Mara Barnard,Natural Ice
Mathilde Folks,Natural Ice
Miguelina Sick,Natural Ice
Nona Fasano,Natural Ice
Ok Darland,Natural Ice
Patrica Crowder,Natural Ice
Racquel Ridenhour,Natural Ice
Shana Lerma,Natural Ice
Shanon Kyle,Natural Ice
Skye Wragg,Natural Ice
Stuart Delman,Natural Ice
Tanika Creel,Natural Ice
Trista Journey,Natural Ice
Wilbert Chatmon,Natural Ice
Yolanda Kirst,Natural Ice
Adan Zubia,Natural Light
Angeles Vanbeek,Natural Light
Arthur Minks,Natural Light
Aubrey Cada,Natural Light
Bart No,Natural Light
Chi Mcwaters,Natural Light
Cristine Yeldell,Natural Light
Dionne Degreenia,Natural Light
Drusilla Salls,Natural Light
Elba Bissett,Natural Light
Estefana Augustyn,Natural Light
George Ragsdale,Natural Light
Georgiann Corzine,Natural Light
Gerry Postma,Natural Light
Jeremiah Strange,Natural Light
Keva Wiles,Natural Light
Kittie Mccaleb,Natural Light
Lenny Funari,Natural Light
Lieselotte Millis,Natural Light
Lisha Bence,Natural Light
Loni Dann,Natural Light
Mechelle Streich,Natural Light
Oralee Burciaga,Natural Light
Rachal Mattes,Natural Light
Rupert Hurless,Natural Light
Salena Terrel,Natural Light
Sharda Branson,Natural Light
Sylvester Gaudette,Natural Light
Terry Caple,Natural Light
Alexander Versace,Negra Modelo
Angla Stookey,Negra Modelo
Araceli Schear,Negra Modelo
Aubrey Cada,Negra Modelo
Bok Sugar,Negra Modelo
Candace Mcalpin,Negra Modelo
Candace Vanpelt,Negra Modelo
Cecil Stillings,Negra Modelo
Charissa Lyke,Negra Modelo
Coleman Bremner,Negra Modelo
Craig Mitschke,Negra Modelo
Dedra Goodale,Negra Modelo
Elana Barger,Negra Modelo
Gina Weigel,Negra Modelo
Jake Vanpatten,Negra Modelo
Kelsey Brittain,Negra Modelo
Lavinia Trojanowski,Negra Modelo
Leo Golder,Negra Modelo
Li Stanek,Negra Modelo
Malcom Maines,Negra Modelo
Mariella Boze,Negra Modelo
Mathilda Partlow,Negra Modelo
Mayra Granier,Negra Modelo
Merlene Mattison,Negra Modelo
Minna Headlee,Negra Modelo
Mirian Permenter,Negra Modelo
Morgan Bargas,Negra Modelo
Parker Searls,Negra Modelo
Preston Yount,Negra Modelo
Ramona Sleeper,Negra Modelo
Regina Herbert,Negra Modelo
Robert Balk,Negra Modelo
Rosalie Enloe,Negra Modelo
Rufus Pulaski,Negra Modelo
Rupert Hurless,Negra Modelo
Shakita Ruland,Negra Modelo
Sharyn Maclean,Negra Modelo
Shena Marsch,Negra Modelo
Signe Cutlip,Negra Modelo
Steven Defoor,Negra Modelo
Sylvie Koenig,Negra Modelo
Syreeta Epperson,Negra Modelo
Tamatha Missildine,Negra Modelo
Tambra Arocho,Negra Modelo
Tom Laub,Negra Modelo
Trinity Gersten,Negra Modelo
Ursula Scarboro,Negra Modelo
Vannesa Saucier,Negra Modelo
Weldon Lamphear,Negra Modelo
Yetta Giguere,Negra Modelo
Yevette Cowherd,Negra Modelo
Yuriko Bracamonte,Negra Modelo
Ashlie Vantassel,Newcastle Brown Ale
Avis Christner,Newcastle Brown Ale
Bao Roberds,Newcastle Brown Ale
Caterina Borda,Newcastle Brown Ale
Coy Bjelland,Newcastle Brown Ale
Domenic Rosecrans,Newcastle Brown Ale
Era Thorington,Newcastle Brown Ale
Evelia Linton,Newcastle Brown Ale
Ingrid Ortman,Newcastle Brown Ale
Jackson Teasley,Newcastle Brown Ale
Janella Lane,Newcastle Brown Ale
Janett Hightower,Newcastle Brown Ale
Jeneva Martinsen,Newcastle Brown Ale
Jodie Marsico,Newcastle Brown Ale
Juliette Hervey,Newcastle Brown Ale
Karey Pio,Newcastle Brown Ale
Karmen Blessing,Newcastle Brown Ale
Kelsi Winnie,Newcastle Brown Ale
Lanette Michna,Newcastle Brown Ale
Lorriane Rhett,Newcastle Brown Ale
Lucas Croyle,Newcastle Brown Ale
Marcelle Meehan,Newcastle Brown Ale
Mariella Boze,Newcastle Brown Ale
Mariette Krupa,Newcastle Brown Ale
Mercy Kromer,Newcastle Brown Ale
Merlene Mattison,Newcastle Brown Ale
Miesha Coke,Newcastle Brown Ale
Mina Hertz,Newcastle Brown Ale
Nakisha Alberico,Newcastle Brown Ale
Nga Kerekes,Newcastle Brown Ale
Otelia Angulo,Newcastle Brown Ale
Patrica Crowder,Newcastle Brown Ale
Raymon Pawlik,Newcastle Brown Ale
Rikki Wellington,Newcastle Brown Ale
Roxy Cogar,Newcastle Brown Ale
Sharika Sturgell,Newcastle Brown Ale
Sharyn Maclean,Newcastle Brown Ale
Tanna Striegel,Newcastle Brown Ale
Tasia Alleyne,Newcastle Brown Ale
Terry Caple,Newcastle Brown Ale
Thalia Littrell,Newcastle Brown Ale
Vena Hagstrom,Newcastle Brown Ale
Andre Sams,Pabst Blue Ribbon
Angeles Vanbeek,Pabst Blue Ribbon
Angla Stookey,Pabst Blue Ribbon
Augustus Hassen,Pabst Blue Ribbon
Bethann Moller,Pabst Blue Ribbon
Brooke Warner,Pabst Blue Ribbon
Darwin Waits,Pabst Blue Ribbon
Dottie Brooking,Pabst Blue Ribbon
Drew Ong,Pabst Blue Ribbon
Duncan Olin,Pabst Blue Ribbon
Eula Elvira,Pabst Blue Ribbon
Gertrud Catto,Pabst Blue Ribbon
Gia Mireles,Pabst Blue Ribbon
Irving Plumlee,Pabst Blue Ribbon
Jesenia Solorio,Pabst Blue Ribbon
Johnathan Lester,Pabst Blue Ribbon
Julienne Im,Pabst Blue Ribbon
Kathie Goetz,Pabst Blue Ribbon
Krystal Whiteside,Pabst Blue Ribbon
Lavone Hickox,Pabst Blue Ribbon
Lyda Matzen,Pabst Blue Ribbon
Michelle Lanphere,Pabst Blue Ribbon
Miguelina Sick,Pabst Blue Ribbon
Nichol Havel,Pabst Blue Ribbon
Pasquale Kenison,Pabst Blue Ribbon
Patsy Holbrook,Pabst Blue Ribbon
Pearl Holt,Pabst Blue Ribbon
Sharika Sturgell,Pabst Blue Ribbon
Shaunte Lambros,Pabst Blue Ribbon
Sherlene Blowers,Pabst Blue Ribbon
Signe Cutlip,Pabst Blue Ribbon
Suzan Gaines,Pabst Blue Ribbon
Thelma Lott,Pabst Blue Ribbon
Alica Socia,Paulaner
Anissa Matherly,Paulaner
Ashlie Vantassel,Paulaner
Audrie Westfall,Paulaner
Bao Roberds,Paulaner
Blondell Amos,Paulaner
Bradford Mulder,Paulaner
Bryon Furniss,Paulaner
Christal Maria,Paulaner
Cleta Napoli,Paulaner
Colene Aguillon,Paulaner
Eladia Montanye,Paulaner
Elden Hochmuth,Paulaner
Emilio Rountree,Paulaner
Frederic Schade,Paulaner
Jacalyn Dicicco,Paulaner
Jutta Andrzejewski,Paulaner
Lacy Hansford,Paulaner
Lashaun Footman,Paulaner
Mathilda Partlow,Paulaner
Noemi Matula,Paulaner
Page Kittredge,Paulaner
Rufus Pulaski,Paulaner
Selena Bohner,Paulaner
Sondra Cardona,Paulaner
Stefany Lepage,Paulaner
Terrilyn Aguayo,Paulaner
Tom Brickey,Paulaner
Trina Northam,Paulaner
Trista Journey,Paulaner
Vena Hagstrom,Paulaner
Wendolyn Pedraza,Paulaner
Wyatt Zipp,Paulaner
Xavier Haro,Paulaner
Zonia Schack,Paulaner
Zora Hayden,Paulaner
Amie Clampitt,Pilsner Urquell
Annalee Keeth,Pilsner Urquell
Araceli Schear,Pilsner Urquell
Ariel Lomax,Pilsner Urquell
Arlie Pinion,Pilsner Urquell
Bee Sedgwick,Pilsner Urquell
Berenice Firth,Pilsner Urquell
Bev Mund,Pilsner Urquell
Cassi Radney,Pilsner Urquell
Chi Mcwaters,Pilsner Urquell
Chong Scarborough,Pilsner Urquell
Clementina Moultrie,Pilsner Urquell
Daniella Denby,Pilsner Urquell
Edna Wen,Pilsner Urquell
Elia Huynh,Pilsner Urquell
Eloisa Fishman,Pilsner Urquell
Fredrick Terrones,Pilsner Urquell
Gia Mireles,Pilsner Urquell
Jackson Teasley,Pilsner Urquell
Jeanie Willet,Pilsner Urquell
Lovie Simmons,Pilsner Urquell
Lyndon Dickert,Pilsner Urquell
Mandie Mckennon,Pilsner Urquell
Marget Olivas,Pilsner Urquell
Mariella Boze,Pilsner Urquell
Mei Shao,Pilsner Urquell
Michelle Lanphere,Pilsner Urquell
Mickie Barreiro,Pilsner Urquell
Mirian Betton,Pilsner Urquell
Nisha Weisner,Pilsner Urquell
Otelia Angulo,Pilsner Urquell
Roberto Casado,Pilsner Urquell
Rod Guerrette,Pilsner Urquell
Shanon Dermody,Pilsner Urquell
Shea Lamoureaux,Pilsner Urquell
Stan Duffey,Pilsner Urquell
Stephan Couture,Pilsner Urquell
Sterling Brantner,Pilsner Urquell
Sylvester Gaudette,Pilsner Urquell
Vincent Nottage,Pilsner Urquell
Alease Iriarte,Redhook Long Hammer IPA
Alexa Steppe,Redhook Long Hammer IPA
Ardelia Marzano,Redhook Long Hammer IPA
Ashlyn Dildy,Redhook Long Hammer IPA
Bao Roberds,Redhook Long Hammer IPA
Bart No,Redhook Long Hammer IPA
Bev Mund,Redhook Long Hammer IPA
Blondell Amos,Redhook Long Hammer IPA
Bruna Mallery,Redhook Long Hammer IPA
Caron Caminiti,Redhook Long Hammer IPA
Catina Veal,Redhook Long Hammer IPA
Chong Scarborough,Redhook Long Hammer IPA
Claudette Strope,Redhook Long Hammer IPA
Creola Stgelais,Redhook Long Hammer IPA
Danita Singh,Redhook Long Hammer IPA
Daron Whalley,Redhook Long Hammer IPA
Deb Trundy,Redhook Long Hammer IPA
Dion Aldaco,Redhook Long Hammer IPA
Dolores Iverson,Redhook Long Hammer IPA
Drew Ong,Redhook Long Hammer IPA
Era Thorington,Redhook Long Hammer IPA
Frederic Schade,Redhook Long Hammer IPA
Georgette Gautier,Redhook Long Hammer IPA
Gil Millspaugh,Redhook Long Hammer IPA
Jacqueline Hard,Redhook Long Hammer IPA
Joyce Hirano,Redhook Long Hammer IPA
Karey Tietjen,Redhook Long Hammer IPA
Karmen Bushway,Redhook Long Hammer IPA
Karren Jacobus,Redhook Long Hammer IPA
Kaylene Twombly,Redhook Long Hammer IPA
Laine Lindauer,Redhook Long Hammer IPA
Lamonica Nash,Redhook Long Hammer IPA
Laverne Jakes,Redhook Long Hammer IPA
Malik Lanza,Redhook Long Hammer IPA
Marla Eves,Redhook Long Hammer IPA
Melaine Story,Redhook Long Hammer IPA
Nadia Kerlin,Redhook Long Hammer IPA
Oralee Burciaga,Redhook Long Hammer IPA
Palma Zander,Redhook Long Hammer IPA
Robert Balk,Redhook Long Hammer IPA
Ronny Kuether,Redhook Long Hammer IPA
Rosemary Tatum,Redhook Long Hammer IPA
Saul Scipio,Redhook Long Hammer IPA
Shavonda Brissette,Redhook Long Hammer IPA
Shon Gaston,Redhook Long Hammer IPA
Timika Fridley,Redhook Long Hammer IPA
Xavier Haro,Redhook Long Hammer IPA
Xochitl Cali,Redhook Long Hammer IPA
Alayna Goode,Rolling Rock Extra Pale
Alta Jarnigan,Rolling Rock Extra Pale
Angeles Vanbeek,Rolling Rock Extra Pale
Carolee Studdard,Rolling Rock Extra Pale
Caroll Saari,Rolling Rock Extra Pale
Caron Caminiti,Rolling Rock Extra Pale
Chris Stice,Rolling Rock Extra Pale
Ciara Cerrato,Rolling Rock Extra Pale
Ciara Strachan,Rolling Rock Extra Pale
Diedre Jayne,Rolling Rock Extra Pale
Eden Horner,Rolling Rock Extra Pale
Effie Preston,Rolling Rock Extra Pale
Elvie Vandine,Rolling Rock Extra Pale
Ethelene Schimke,Rolling Rock Extra Pale
Eugenie Palmore,Rolling Rock Extra Pale
Eugenio Stong,Rolling Rock Extra Pale
Fern Speir,Rolling Rock Extra Pale
Gerald Mckoy,Rolling Rock Extra Pale
Gertrud Catto,Rolling Rock Extra Pale
Glady Millette,Rolling Rock Extra Pale
Gordon Duchesne,Rolling Rock Extra Pale
Gregorio Krupp,Rolling Rock Extra Pale
Jade Vanetten,Rolling Rock Extra Pale
Jeanie Willet,Rolling Rock Extra Pale
Kathie Goetz,Rolling Rock Extra Pale
Kelli Beckles,Rolling Rock Extra Pale
Kirstin Mondragon,Rolling Rock Extra Pale
Kristi Yokum,Rolling Rock Extra Pale
Lamar Munoz,Rolling Rock Extra Pale
Lanny Sy,Rolling Rock Extra Pale
Latia Blaney,Rolling Rock Extra Pale
Leia Larkin,Rolling Rock Extra Pale
Len Canavan,Rolling Rock Extra Pale
Les Tiner,Rolling Rock Extra Pale
Libbie Drapeau,Rolling Rock Extra Pale
Lindy League,Rolling Rock Extra Pale
Madelyn Whitesell,Rolling Rock Extra Pale
Madie Frutos,Rolling Rock Extra Pale
Maryann Rankin,Rolling Rock Extra Pale
Mellisa Fagan,Rolling Rock Extra Pale
Milton Stenberg,Rolling Rock Extra Pale
Nella Bufford,Rolling Rock Extra Pale
Ronald Bodin,Rolling Rock Extra Pale
Santiago Gartland,Rolling Rock Extra Pale
Sharonda Hedlund,Rolling Rock Extra Pale
Shavonda Brissette,Rolling Rock Extra Pale
Sheryl Graydon,Rolling Rock Extra Pale
Tambra Arocho,Rolling Rock Extra Pale
Tanika Creel,Rolling Rock Extra Pale
Tasia Kempf,Rolling Rock Extra Pale
Trisha Schurg,Rolling Rock Extra Pale
Twyla Bullington,Rolling Rock Extra Pale
Willow Dino,Rolling Rock Extra Pale
Yevette Rawles,Rolling Rock Extra Pale
Alica Socia,Rolling Rock Extra Pale Ale
Anderson Jerkins,Rolling Rock Extra Pale Ale
Cameron Almaguer,Rolling Rock Extra Pale Ale
Candace Vanpelt,Rolling Rock Extra Pale Ale
Candice Leinen,Rolling Rock Extra Pale Ale
Candyce Treadwell,Rolling Rock Extra Pale Ale
Cindi Ming,Rolling Rock Extra Pale Ale
Dion Aldaco,Rolling Rock Extra Pale Ale
Dottie Brooking,Rolling Rock Extra Pale Ale
Drusilla Reno,Rolling Rock Extra Pale Ale
Eboni Cadet,Rolling Rock Extra Pale Ale
Elba Bissett,Rolling Rock Extra Pale Ale
Elenore Brigance,Rolling Rock Extra Pale Ale
Elise Bilby,Rolling Rock Extra Pale Ale
Gaston Byron,Rolling Rock Extra Pale Ale
Gaylene Manuelito,Rolling Rock Extra Pale Ale
Hanh Poll,Rolling Rock Extra Pale Ale
Heidi Burry,Rolling Rock Extra Pale Ale
Helena Linkous,Rolling Rock Extra Pale Ale
Ivette Stem,Rolling Rock Extra Pale Ale
Jake Vanpatten,Rolling Rock Extra Pale Ale
Janella Lane,Rolling Rock Extra Pale Ale
Janine Roiger,Rolling Rock Extra Pale Ale
Jayna Granada,Rolling Rock Extra Pale Ale
Jefferey Chavous,Rolling Rock Extra Pale Ale
Jina Mcburney,Rolling Rock Extra Pale Ale
Johnny Piermarini,Rolling Rock Extra Pale Ale
Kathie Goetz,Rolling Rock Extra Pale Ale
Lacresha Tripodi,Rolling Rock Extra Pale Ale
Lavonia Haymond,Rolling Rock Extra Pale Ale
Leslee Ortegon,Rolling Rock Extra Pale Ale
Lilian Donahue,Rolling Rock Extra Pale Ale
Lindy League,Rolling Rock Extra Pale Ale
Lula Swilley,Rolling Rock Extra Pale Ale
Lyda Matzen,Rolling Rock Extra Pale Ale
Maggie Sears,Rolling Rock Extra Pale Ale
Mandie Mckennon,Rolling Rock Extra Pale Ale
Marine Fagundes,Rolling Rock Extra Pale Ale
Mayra Granier,Rolling Rock Extra Pale Ale
Mel Boese,Rolling Rock Extra Pale Ale
Nadine Fuller,Rolling Rock Extra Pale Ale
Norbert Furby,Rolling Rock Extra Pale Ale
Olin Brant,Rolling Rock Extra Pale Ale
Orville Critchlow,Rolling Rock Extra Pale Ale
Regina Herbert,Rolling Rock Extra Pale Ale
Renea Dawe,Rolling Rock Extra Pale Ale
Rod Guerrette,Rolling Rock Extra Pale Ale
Shu Ruggerio,Rolling Rock Extra Pale Ale
Stewart Suther,Rolling Rock Extra Pale Ale
Stuart Delman,Rolling Rock Extra Pale Ale
Syreeta Epperson,Rolling Rock Extra Pale Ale
Tom Laub,Rolling Rock Extra Pale Ale
Tomi Hibbitts,Rolling Rock Extra Pale Ale
Toney Lebsock,Rolling Rock Extra Pale Ale
Wesley Lafollette,Rolling Rock Extra Pale Ale
Wonda Vangundy,Rolling Rock Extra Pale Ale
Andreas Benner,Samuel Adams Boston Lager
Ariana Olson,Samuel Adams Boston Lager
Aron Parchman,Samuel Adams Boston Lager
Asley Molino,Samuel Adams Boston Lager
Azzie Breese,Samuel Adams Boston Lager
Bettyann Stelter,Samuel Adams Boston Lager
Bev Mund,Samuel Adams Boston Lager
Chante Singleton,Samuel Adams Boston Lager
Charissa Lyke,Samuel Adams Boston Lager
Chelsey Loving,Samuel Adams Boston Lager
Cheryll Grant,Samuel Adams Boston Lager
Christopher Provence,Samuel Adams Boston Lager
Darwin Waits,Samuel Adams Boston Lager
Demarcus Parker,Samuel Adams Boston Lager
Domonique Francia,Samuel Adams Boston Lager
Eda Oscar,Samuel Adams Boston Lager
Ela Mcgilvery,Samuel Adams Boston Lager
Elroy Daigre,Samuel Adams Boston Lager
Felisa Fleetwood,Samuel Adams Boston Lager
Florentina Matson,Samuel Adams Boston Lager
Genna Veit,Samuel Adams Boston Lager
Greg Sipp,Samuel Adams Boston Lager
Hollis Ybarbo,Samuel Adams Boston Lager
Irving Plumlee,Samuel Adams Boston Lager
Isobel Vallee,Samuel Adams Boston Lager
Ivan Lastra,Samuel Adams Boston Lager
Ivonne Draeger,Samuel Adams Boston Lager
Jose Berube,Samuel Adams Boston Lager
Juliann Murrill,Samuel Adams Boston Lager
Kelley Junker,Samuel Adams Boston Lager
Kimbra Mcquillen,Samuel Adams Boston Lager
Latrice Lamas,Samuel Adams Boston Lager
Lynwood Printz,Samuel Adams Boston Lager
Malcom Maines,Samuel Adams Boston Lager
Many Purvis,Samuel Adams Boston Lager
Marcelle Coen,Samuel Adams Boston Lager
Margret Falzone,Samuel Adams Boston Lager
Mariam Short,Samuel Adams Boston Lager
Masako Mccranie,Samuel Adams Boston Lager
Mayra Mash,Samuel Adams Boston Lager
Meredith Gobeil,Samuel Adams Boston Lager
Misty Wyckoff,Samuel Adams Boston Lager
Orville Critchlow,Samuel Adams Boston Lager
Reggie Lingle,Samuel Adams Boston Lager
Roslyn Croswell,Samuel Adams Boston Lager
Salvador Cogan,Samuel Adams Boston Lager
Samara Lawrie,Samuel Adams Boston Lager
Sammy Michaelsen,Samuel Adams Boston Lager
Shelby Merrill,Samuel Adams Boston Lager
Simonne Bare,Samuel Adams Boston Lager
Sonya Crumrine,Samuel Adams Boston Lager
Tenesha Kloster,Samuel Adams Boston Lager
Tracey Normand,Samuel Adams Boston Lager
Tyrone Wyman,Samuel Adams Boston Lager
Vernita Doi,Samuel Adams Boston Lager
Vida Huertas,Samuel Adams Boston Lager
Willette Brosius,Samuel Adams Boston Lager
Willette Hodgins,Samuel Adams Boston Lager
Yasuko Beer,Samuel Adams Boston Lager
Yetta Giguere,Samuel Adams Boston Lager
Yolanda Kirst,Samuel Adams Boston Lager
Yolonda Deatherage,Samuel Adams Boston Lager
Zenaida Baudoin,Samuel Adams Boston Lager
Albert Wentworth,Samuel Adams Octoberfest
Alexia Spraggs,Samuel Adams Octoberfest
Allan Persing,Samuel Adams Octoberfest
Arielle Gash,Samuel Adams Octoberfest
Bao Roberds,Samuel Adams Octoberfest
Berniece Pettigrew,Samuel Adams Octoberfest
Cassaundra Lebowitz,Samuel Adams Octoberfest
Cherri Plum,Samuel Adams Octoberfest
Daniella Denby,Samuel Adams Octoberfest
Fidela Hannibal,Samuel Adams Octoberfest
Glady Millette,Samuel Adams Octoberfest
Heidi Burry,Samuel Adams Octoberfest
Ileen Mcentee,Samuel Adams Octoberfest
Ingrid Ortman,Samuel Adams Octoberfest
Isabelle Omar,Samuel Adams Octoberfest
Jacki Zielinski,Samuel Adams Octoberfest
Jewell Curci,Samuel Adams Octoberfest
Katrice Capasso,Samuel Adams Octoberfest
Kirstin Mondragon,Samuel Adams Octoberfest
Kristian Gillies,Samuel Adams Octoberfest
Landon Degenhardt,Samuel Adams Octoberfest
Leila Kravitz,Samuel Adams Octoberfest
Lola Goings,Samuel Adams Octoberfest
Nickie Blakemore,Samuel Adams Octoberfest
Pasquale Kenison,Samuel Adams Octoberfest
Paulette Sellman,Samuel Adams Octoberfest
Phyliss Halperin,Samuel Adams Octoberfest
Racquel Ridenhour,Samuel Adams Octoberfest
Rashida Woodson,Samuel Adams Octoberfest
Rhett Doner,Samuel Adams Octoberfest
Rocco Pocock,Samuel Adams Octoberfest
Rochell Grabowski,Samuel Adams Octoberfest
Ronny Kuether,Samuel Adams Octoberfest
Roselia Charters,Samuel Adams Octoberfest
Saturnina Zakrzewski,Samuel Adams Octoberfest
Shamika Marlar,Samuel Adams Octoberfest
Shena Marsch,Samuel Adams Octoberfest
Stacie Seda,Samuel Adams Octoberfest
Virginia Delara,Samuel Adams Octoberfest
Wyatt Zipp,Samuel Adams Octoberfest
Yuriko Bracamonte,Samuel Adams Octoberfest
Adriene Sigg,Sapporo Premium Lager
Alexa Steppe,Sapporo Premium Lager
Anderson Jerkins,Sapporo Premium Lager
Annalee Keeth,Sapporo Premium Lager
Arianne Almeda,Sapporo Premium Lager
Athena Charlesworth,Sapporo Premium Lager
Aubrey Cada,Sapporo Premium Lager
Bok Sugar,Sapporo Premium Lager
Chantelle Marcucci,Sapporo Premium Lager
Claretha Betz,Sapporo Premium Lager
Cleotilde Bedsole,Sapporo Premium Lager
Danyelle Hatchell,Sapporo Premium Lager
Darin Weekes,Sapporo Premium Lager
Debera Maisch,Sapporo Premium Lager
Dolly Booe,Sapporo Premium Lager
Erasmo Matte,Sapporo Premium Lager
Gabriela Mackay,Sapporo Premium Lager
Gil Millspaugh,Sapporo Premium Lager
Gretta Bourke,Sapporo Premium Lager
Hans Stines,Sapporo Premium Lager
Heath Hulen,Sapporo Premium Lager
Herschel Mascorro,Sapporo Premium Lager
Ileen Mcentee,Sapporo Premium Lager
Izetta Sullivan,Sapporo Premium Lager
Jefferey Chavous,Sapporo Premium Lager
Johnathan Lester,Sapporo Premium Lager
Juliann Murrill,Sapporo Premium Lager
Julienne Im,Sapporo Premium Lager
Karie Clouser,Sapporo Premium Lager
Karren Jacobus,Sapporo Premium Lager
Marine Fagundes,Sapporo Premium Lager
Meg Morlan,Sapporo Premium Lager
Miesha Coke,Sapporo Premium Lager
Mora Hilley,Sapporo Premium Lager
Nathanial Campbell,Sapporo Premium Lager
Patsy Holbrook,Sapporo Premium Lager
Rachal Mattes,Sapporo Premium Lager
Randal Lamberti,Sapporo Premium Lager
Raylene Giel,Sapporo Premium Lager
Refugio Hanzlik,Sapporo Premium Lager
Reita Swigert,Sapporo Premium Lager
Roxy Cogar,Sapporo Premium Lager
Saturnina Zakrzewski,Sapporo Premium Lager
Shakita Ruland,Sapporo Premium Lager
Sharilyn Mciver,Sapporo Premium Lager
Sharonda Hedlund,Sapporo Premium Lager
Shaunte Lambros,Sapporo Premium Lager
Shea Lamoureaux,Sapporo Premium Lager
Sherlene Blowers,Sapporo Premium Lager
Son Lanni,Sapporo Premium Lager
Sylvie Koenig,Sapporo Premium Lager
Synthia Lavigne,Sapporo Premium Lager
Tasia Kempf,Sapporo Premium Lager
Terri Pouncy,Sapporo Premium Lager
Tom Laub,Sapporo Premium Lager
Ursula Scarboro,Sapporo Premium Lager
Wendy Lorentzen,Sapporo Premium Lager
Wilma Camburn,Sapporo Premium Lager
Ayanna Ehrmann,Shiner Bock
Cletus Quimby,Shiner Bock
Eladia Montanye,Shiner Bock
Evia Miltenberger,Shiner Bock
Heide Correll,Shiner Bock
Helen Crispin,Shiner Bock
Kandice Jaworski,Shiner Bock
Kira Fergerson,Shiner Bock
Lavone Hickox,Shiner Bock
Lavone Manns,Shiner Bock
Lawanna Merideth,Shiner Bock
Lindy League,Shiner Bock
Lisabeth Gethers,Shiner Bock
Louis Curling,Shiner Bock
Madeleine Vanbrunt,Shiner Bock
Marcus Griffin,Shiner Bock
Mikaela Power,Shiner Bock
Molly Self,Shiner Bock
Nobuko Ruark,Shiner Bock
Oralia Pettis,Shiner Bock
Phil Mansfield,Shiner Bock
Rhett Doner,Shiner Bock
Roselle Kenny,Shiner Bock
Rosina Difalco,Shiner Bock
Roxy Cogar,Shiner Bock
Sharen Leduc,Shiner Bock
Starr Isabelle,Shiner Bock
Suzan Gaines,Shiner Bock
Teofila Dessert,Shiner Bock
Verona Guernsey,Shiner Bock
Yuki Gracia,Shiner Bock
Adriene Sigg,Shock Top Belgian White
Anton Kallenbach,Shock Top Belgian White
Aurelio Melrose,Shock Top Belgian White
Avis Christner,Shock Top Belgian White
Benedict Rackers,Shock Top Belgian White
Betsey Ignacio,Shock Top Belgian White
Casey Schlager,Shock Top Belgian White
Cathern Gateley,Shock Top Belgian White
Danial Yurick,Shock Top Belgian White
Dionne Degreenia,Shock Top Belgian White
Dorthey Coots,Shock Top Belgian White
Dustin Schneider,Shock Top Belgian White
Elba Bissett,Shock Top Belgian White
Eli Bosque,Shock Top Belgian White
Erlinda Brooker,Shock Top Belgian White
Eula Elvira,Shock Top Belgian White
Euna Blackstone,Shock Top Belgian White
Eveline Ramires,Shock Top Belgian White
Garfield Rieger,Shock Top Belgian White
Grazyna Digiovanni,Shock Top Belgian White
Henrietta Karr,Shock Top Belgian White
Ira Fralick,Shock Top Belgian White
Ivette Stem,Shock Top Belgian White
Jacqueline Hard,Shock Top Belgian White
Jay Heinemann,Shock Top Belgian White
Jessie Heywood,Shock Top Belgian White
Johnny Piermarini,Shock Top Belgian White
Jonathan Straub,Shock Top Belgian White
Kai Mcglown,Shock Top Belgian White
Kera Costin,Shock Top Belgian White
Kera Person,Shock Top Belgian White
Len Canavan,Shock Top Belgian White
Leonida Waldow,Shock Top Belgian White
Madison Fine,Shock Top Belgian White
Marcelle Coen,Shock Top Belgian White
Mel Boese,Shock Top Belgian White
Melanie Austin,Shock Top Belgian White
Merlene Mattison,Shock Top Belgian White
Michaele Fling,Shock Top Belgian White
Mikaela Nosal,Shock Top Belgian White
Miki Leclaire,Shock Top Belgian White
Minda Bostick,Shock Top Belgian White
Molly Self,Shock Top Belgian White
Myong Lusby,Shock Top Belgian White
Olin Brant,Shock Top Belgian White
Parker Searls,Shock Top Belgian White
Rona Cox,Shock Top Belgian White
Roselia Padillo,Shock Top Belgian White
Rozanne Youngblood,Shock Top Belgian White
Santina Auten,Shock Top Belgian White
Shakita Ruland,Shock Top Belgian White
Stuart Delman,Shock Top Belgian White
Sylvie Koenig,Shock Top Belgian White
Tambra Arocho,Shock Top Belgian White
Tawnya Bynoe,Shock Top Belgian White
Tenesha Kloster,Shock Top Belgian White
Thalia Littrell,Shock Top Belgian White
Toney Lebsock,Shock Top Belgian White
Tory Dever,Shock Top Belgian White
Trent Blackledge,Shock Top Belgian White
Vincent Nottage,Shock Top Belgian White
Wilber Leighton,Shock Top Belgian White
Wilbert Chatmon,Shock Top Belgian White
Yuki Gracia,Shock Top Belgian White
Yuriko Bracamonte,Shock Top Belgian White
Zoe Clay,Shock Top Belgian White
Adrianna Carstens,Sierra Nevada Pale Ale
Adriene Sigg,Sierra Nevada Pale Ale
Anglea Jeanpierre,Sierra Nevada Pale Ale
Anton Kallenbach,Sierra Nevada Pale Ale
Ashlyn Dildy,Sierra Nevada Pale Ale
Avis Christner,Sierra Nevada Pale Ale
Barbera Hirth,Sierra Nevada Pale Ale
Bart No,Sierra Nevada Pale Ale
Bettyann Stelter,Sierra Nevada Pale Ale
Bianca Lytch,Sierra Nevada Pale Ale
Blake Guion,Sierra Nevada Pale Ale
Cassie Sak,Sierra Nevada Pale Ale
Charley Wolfgang,Sierra Nevada Pale Ale
Cheryll Grant,Sierra Nevada Pale Ale
Danita Singh,Sierra Nevada Pale Ale
Dedra Goodale,Sierra Nevada Pale Ale
Evia Miltenberger,Sierra Nevada Pale Ale
Fern Speir,Sierra Nevada Pale Ale
Fred Fast,Sierra Nevada Pale Ale
Genevieve Schrage,Sierra Nevada Pale Ale
George Ragsdale,Sierra Nevada Pale Ale
Ingrid Savidge,Sierra Nevada Pale Ale
Kimberli Darrow,Sierra Nevada Pale Ale
Lavone Manns,Sierra Nevada Pale Ale
Leslee Ortegon,Sierra Nevada Pale Ale
Ling Croley,Sierra Nevada Pale Ale
Linwood Carpentier,Sierra Nevada Pale Ale
Lula Swilley,Sierra Nevada Pale Ale
Lynette Towers,Sierra Nevada Pale Ale
Lynnette Ferree,Sierra Nevada Pale Ale
Madeleine Vanbrunt,Sierra Nevada Pale Ale
Margie Leffel,Sierra Nevada Pale Ale
Margret Regner,Sierra Nevada Pale Ale
Melaine Story,Sierra Nevada Pale Ale
Nona Fasano,Sierra Nevada Pale Ale
Pasquale Kenison,Sierra Nevada Pale Ale
Randolph Infante,Sierra Nevada Pale Ale
Retta Rodrigues,Sierra Nevada Pale Ale
Rosalyn Mestas,Sierra Nevada Pale Ale
Sharonda Hedlund,Sierra Nevada Pale Ale
Sonya Crumrine,Sierra Nevada Pale Ale
Stephane You,Sierra Nevada Pale Ale
Tawnya Bynoe,Sierra Nevada Pale Ale
Terri Pouncy,Sierra Nevada Pale Ale
Trish Regis,Sierra Nevada Pale Ale
Wanetta Storie,Sierra Nevada Pale Ale
Xavier Marinelli,Sierra Nevada Pale Ale
Alida Spurgin,Stella Artois
Andy Leonard,Stella Artois
Ashanti Cambre,Stella Artois
Audrey Piccolo,Stella Artois
Belle Tow,Stella Artois
Benedict Rackers,Stella Artois
Candyce Treadwell,Stella Artois
Casimira Ammann,Stella Artois
Chris Stice,Stella Artois
Claretta Mattes,Stella Artois
Coleman Bremner,Stella Artois
Danial Yurick,Stella Artois
Daniel Huffer,Stella Artois
Demetrice Prom,Stella Artois
Dorthey Coots,Stella Artois
Ela Mcgilvery,Stella Artois
Elise Bilby,Stella Artois
Flora Valderas,Stella Artois
Gerry Postma,Stella Artois
Heide Correll,Stella Artois
Helen Crispin,Stella Artois
Hershel Grill,Stella Artois
Ken Gargano,Stella Artois
Lissa Wedderburn,Stella Artois
Mara Barnard,Stella Artois
Marquetta Hollis,Stella Artois
Maryann Rankin,Stella Artois
Natalia Kitzmiller,Stella Artois
Norbert Furby,Stella Artois
Pearl Pellegrini,Stella Artois
Preston Mooneyhan,Stella Artois
Reid Swink,Stella Artois
Roseann Tomczak,Stella Artois
Sharda Branson,Stella Artois
Wesley Lafollette,Stella Artois
Xochitl Cali,Stella Artois
Abel Graziano,Tecate
Adrien Ladd,Tecate
Ailene Geers,Tecate
Alease Iriarte,Tecate
Alfonzo Wigfall,Tecate
Augustus Helget,Tecate
Barton Toews,Tecate
Britta Bernardi,Tecate
Buena Sowell,Tecate
Cecil Stillings,Tecate
Cindi Ming,Tecate
Clementina Moultrie,Tecate
Dionne Degreenia,Tecate
Farah Lantigua,Tecate
Fernanda Timko,Tecate
Gigi Mcewan,Tecate
Irving Plumlee,Tecate
Jeanetta Hatcher,Tecate
Jonnie Scheu,Tecate
Joshua Feaster,Tecate
Kathlyn Burts,Tecate
Kelsie Barreto,Tecate
Kenda Touchet,Tecate
Lanora Cousino,Tecate
Lashaun Footman,Tecate
Leia Larkin,Tecate
Leo Golder,Tecate
Marissa Humes,Tecate
Mathilda Partlow,Tecate
Michale Soileau,Tecate
Mikaela Power,Tecate
Mirian Permenter,Tecate
Modesto Feggins,Tecate
Nathanial Campbell,Tecate
Randy Voigt,Tecate
Raymon Pawlik,Tecate
Rosalia Harris,Tecate
Sammy Michaelsen,Tecate
Sanford Sinn,Tecate
Saturnina Zakrzewski,Tecate
Sherie Donofrio,Tecate
Sudie Bartholow,Tecate
Takisha Delia,Tecate
Tasia Alleyne,Tecate
Tenesha Kloster,Tecate
Thora Mcguffie,Tecate
Trista Journey,Tecate
Albina Lowell,Tsingtao Beer
Anissa Matherly,Tsingtao Beer
Araceli Schear,Tsingtao Beer
Aron Parchman,Tsingtao Beer
Aurelia Bassett,Tsingtao Beer
Cathern Gateley,Tsingtao Beer
Clora Pollock,Tsingtao Beer
Colene Aguillon,Tsingtao Beer
Coreen Angelo,Tsingtao Beer
Cristi Hoerner,Tsingtao Beer
Elia Huynh,Tsingtao Beer
Gigi Mcewan,Tsingtao Beer
Hans Stines,Tsingtao Beer
Heath Hulen,Tsingtao Beer
Hillary Borth,Tsingtao Beer
Ileen Mcentee,Tsingtao Beer
Izetta Sullivan,Tsingtao Beer
Jade Vanetten,Tsingtao Beer
Janine Roiger,Tsingtao Beer
Jazmine Greve,Tsingtao Beer
Kathaleen Lenard,Tsingtao Beer
Kendall Gutman,Tsingtao Beer
Kristian Gillies,Tsingtao Beer
Lawanna Merideth,Tsingtao Beer
Leonida Waldow,Tsingtao Beer
Loida Lebow,Tsingtao Beer
Louis Curling,Tsingtao Beer
Marna Jordahl,Tsingtao Beer
Marta Emerick,Tsingtao Beer
Meta Fleckenstein,Tsingtao Beer
Nakita Costin,Tsingtao Beer
Oralia Pettis,Tsingtao Beer
Pat Kuehl,Tsingtao Beer
Rocco Dollinger,Tsingtao Beer
Roselia Padillo,Tsingtao Beer
Shamika Greiner,Tsingtao Beer
Shana Krings,Tsingtao Beer
Sharlene Edmundson,Tsingtao Beer
Tomi Hibbitts,Tsingtao Beer
Yasmin Ronco,Tsingtao Beer
Yee Landeros,Tsingtao Beer
Ashlyn Dildy,Yuengling Premium Beer
Aurelio Melrose,Yuengling Premium Beer
Ayanna Ehrmann,Yuengling Premium Beer
Azzie Breese,Yuengling Premium Beer
Cara Harner,Yuengling Premium Beer
Claudine Villano,Yuengling Premium Beer
Elia Huynh,Yuengling Premium Beer
Elizbeth Leith,Yuengling Premium Beer
Estefana Lasch,Yuengling Premium Beer
Felicidad Christner,Yuengling Premium Beer
Isabelle Omar,Yuengling Premium Beer
Kaylene Twombly,Yuengling Premium Beer
Kittie Mccaleb,Yuengling Premium Beer
Lavonia Haymond,Yuengling Premium Beer
Lenny Funari,Yuengling Premium Beer
Lonna Manske,Yuengling Premium Beer
Madie Frutos,Yuengling Premium Beer
Malcom Maines,Yuengling Premium Beer
Marine Muirhead,Yuengling Premium Beer
Marvel Noles,Yuengling Premium Beer
Melaine Story,Yuengling Premium Beer
Nadia Kerlin,Yuengling Premium Beer
Paulette Sellman,Yuengling Premium Beer
Pearl Holt,Yuengling Premium Beer
Pearl Joyce,Yuengling Premium Beer
Porfirio Moschella,Yuengling Premium Beer
Ramiro Domino,Yuengling Premium Beer
Robt Packard,Yuengling Premium Beer
Rosamaria Isherwood,Yuengling Premium Beer
Rupert Rothschild,Yuengling Premium Beer
Saul Scipio,Yuengling Premium Beer
Selena Devault,Yuengling Premium Beer
Shaunte Vandenbosch,Yuengling Premium Beer
Shawn Begum,Yuengling Premium Beer
Sherlene Winstead,Yuengling Premium Beer
Sherryl Wickwire,Yuengling Premium Beer
Steffanie Titcomb,Yuengling Premium Beer
Thora Mcguffie,Yuengling Premium Beer
Alica Arriola,Yuengling Traditional Amber Lager
Arianne Almeda,Yuengling Traditional Amber Lager
Audrey Piccolo,Yuengling Traditional Amber Lager
Avis Christner,Yuengling Traditional Amber Lager
Babara Dempster,Yuengling Traditional Amber Lager
Calista Presler,Yuengling Traditional Amber Lager
Christal Maria,Yuengling Traditional Amber Lager
Colby Boatwright,Yuengling Traditional Amber Lager
Colene Aguillon,Yuengling Traditional Amber Lager
Danyelle Hatchell,Yuengling Traditional Amber Lager
Delcie Dimuzio,Yuengling Traditional Amber Lager
Dian Shipley,Yuengling Traditional Amber Lager
Drusilla Salls,Yuengling Traditional Amber Lager
Ebonie Demeter,Yuengling Traditional Amber Lager
Elmer Million,Yuengling Traditional Amber Lager
Ernestina Cornwall,Yuengling Traditional Amber Lager
Estefana Augustyn,Yuengling Traditional Amber Lager
Eula Elvira,Yuengling Traditional Amber Lager
Heide Dubon,Yuengling Traditional Amber Lager
Irish Rameau,Yuengling Traditional Amber Lager
Irving Plumlee,Yuengling Traditional Amber Lager
Janie Littell,Yuengling Traditional Amber Lager
Jessie Heywood,Yuengling Traditional Amber Lager
Jewell Curci,Yuengling Traditional Amber Lager
Jimmie Cassinelli,Yuengling Traditional Amber Lager
Johnny Dresser,Yuengling Traditional Amber Lager
Karie Clouser,Yuengling Traditional Amber Lager
Karmen Bushway,Yuengling Traditional Amber Lager
Kerrie Seamons,Yuengling Traditional Amber Lager
Kylee Doung,Yuengling Traditional Amber Lager
Latarsha Holsapple,Yuengling Traditional Amber Lager
Lenita Burciaga,Yuengling Traditional Amber Lager
Lissa Wedderburn,Yuengling Traditional Amber Lager
Luella Shoemake,Yuengling Traditional Amber Lager
Lynwood Mcneal,Yuengling Traditional Amber Lager
Madie Tsang,Yuengling Traditional Amber Lager
Marchelle Boulter,Yuengling Traditional Amber Lager
Marquetta Hollis,Yuengling Traditional Amber Lager
Masako Mccranie,Yuengling Traditional Amber Lager
Meredith Singleterry,Yuengling Traditional Amber Lager
Nakita Costin,Yuengling Traditional Amber Lager
Page Kittredge,Yuengling Traditional Amber Lager
Porfirio Moschella,Yuengling Traditional Amber Lager
Randal Lamberti,Yuengling Traditional Amber Lager
Raylene Giel,Yuengling Traditional Amber Lager
Retta Rodrigues,Yuengling Traditional Amber Lager
Rita Mcalpine,Yuengling Traditional Amber Lager
Sharon Eber,Yuengling Traditional Amber Lager
Sharyn Maclean,Yuengling Traditional Amber Lager
Shera Cacciatore,Yuengling Traditional Amber Lager
Sherlene Blowers,Yuengling Traditional Amber Lager
Sterling Brantner,Yuengling Traditional Amber Lager
Stewart Suther,Yuengling Traditional Amber Lager
Suzan Gaines,Yuengling Traditional Amber Lager
Trish Regis,Yuengling Traditional Amber Lager
Winston Vanloan,Yuengling Traditional Amber Lager
Woodrow Witten,Yuengling Traditional Amber Lager
Wyatt Zipp,Yuengling Traditional Amber Lager
Zoraida Hutchinson,Yuengling Traditional Amber Lager