name,city,phone,addr
Shenika Welle,"White Plains, NY",6652252455,274 Dory Way
Evelia Linton,"New Haven, CT",7477392882,995 Geicko Ave.
Leighann Behm,"Long Island, NY",3661860887,564 Fort Ave.
Alayna Centers,"Stamford, CT",6756595340,77 Ago St.
Roslyn Croswell,"New Brunswick, NJ",4700915128,95 Tentht St.
Kathie Goetz,"Ramsey, NJ",9423599704,225 Ben Rd.
Babara Dempster,"Edison, NJ",7867714727,9 Idel Dr.
Milton Claypool,"Milford, CT",5775611635,5 Heat St.
Roselia Padillo,"Nanuet, NY",1137950290,3 Becky Dr.
Janie Littell,"Bridgeport, CT",3427649712,96 Cassey St.
Wyatt Zipp,"New Rochelle, NY",7579053896,3 Key Ave.
Leo Gorgone,"Brooklyn, NY",8015468911,5 Lakisha St.
Toney Lebsock,"Harrison, NY",7291290824,9 Willetta St.
Anglea Jeanpierre,"Stamford, CT",1266959078,3 Canada St.
Tawana Molder,"Milford, CT",3794643911,59 Mist Ave.
Valorie Isaacson,"New York, NY",5130532737,578 Nordic Way
Yevette Cowherd,"Milford, CT",1877437402,473 Bar Ave.
Karey Pio,"New City, NY",4774277530,397 Pole Way
Dominque Platner,"Newark, NJ",3730753079,353 Yallre Way
Morgan Bargas,"New Haven, CT",3073191378,7 Marvin St.
Miesha Coke,"Long Island, NY",2018862063,556 Amalia Dr.
Gerard Treiber,"Norwalk, CT",4495239196,45 Lifve Ave.
Edna Wen,"Stamford, CT",1356901236,91 Cone Terra St.
Barbera Hirth,"Summit, NJ",5232035610,3 Alk Alk St.
Randolph Infante,"Clifton, NJ",8935757307,63 Lad Dr.
Henrietta Karr,"Clifton, NJ",8998941427,13 Spoon St.
Sonya Crumrine,"Middletown, CT",1624568562,5 Fist Rd.
Gala Hong,"Nanuet, NY",3378898884,165 Name Way
Jonnie Scheu,"Bridgeport, CT",6704917076,23 Stone St.
Laine Spagnoli,"Stamford, CT",4710173494,86 Ouh Ave.
Andria Valadez,"Commack, NY",9330239439,183 Bumble Rd.
Kandice Jaworski,"Newark, NJ",6949420676,2 Sailor St.
Rocco Pocock,"Ridgewood, NJ",6342518703,91 North St.
Shana Lerma,"Paterson, NJ",3977930752,76 Hein Rd.
Laila Vanderveer,"Summit, NJ",4834282707,7 Altimar Way
Bruna Mallery,"Edison, NJ",9262332063,6 Ouyy Dr.
Kristyn Timoteo,"Ramsey, NJ",8608585296,84 High Way
Karren Jacobus,"Bronx, NY",7573265598,9 Marvin St.
Creola Stgelais,"Yonkers, NY",6540392718,999 Trist Bushes Ave.
Sol Gress,"Stamford, CT",2262529360,9 Sun Ave.
Latrice Lamas,"New Haven, CT",5112148456,7 Eioghth Way
Aurelia Bassett,"Clifton, NJ",8144980592,455 Pole St.
Teofila Dessert,"Paterson, NJ",4914021638,442 Ckuc Ave.
Gil Millspaugh,"Garden City, NY",7750111968,5 Donya St.
Alex Hammaker,"Milford, CT",1666255176,524 Nino St.
Mandie Sabia,"Huntington, NY",5579254998,15 Vine St.
Saturnina Zakrzewski,"Madison, CT",9928038905,75 Sun Dr.
Tracey Normand,"Manhattan, NY",9181515692,716 Vent Rd.
Candice Leinen,"Garden City, NY",2961727914,315 Memory Rd.
Juliann Murrill,"Queens, NY",8936638125,972 Jannie Dr.
Cleta Napoli,"Bridgeport, CT",8640812834,237 Uff St.
Kittie Mccaleb,"Madison, CT",1387010853,754 Eute St.
Heide Dubon,"New Brunswick, NJ",4102601046,353 Phi Way
Nisha Weisner,"Huntington, NY",9858476474,92 Scorpion Dr.
Trish Regis,"New Rochelle, NY",1074639633,954 Chin Rd.
Lashay Guthrie,"Ridgewood, NJ",4303433862,992 Born Rd.
Bart No,"Nanuet, NY",9578694925,9 Geicko Rd.
Palma Melgoza,"Livingston, NJ",1874861369,9 Tooth Ave.
Lieselotte Millis,"Morristown, NJ",9629693057,37 Rabbit Way
Contessa Vandyke,"Hicksville, NY",1248751756,76 Altimar Rd.
Andres Kamin,"New Britain, CT",5496672582,884 Sun Dr.
Maud Frank,"Bronx, NY",8815129851,15 Third Way
Margret Falzone,"Fairfield, CT",5262966460,3 Wolf Rd.
Ciera Pletcher,"Livingston, NJ",1633857146,21 Son St.
Shala Wiebe,"Ridgewood, NJ",8248752275,36 Fan Ave.
Kimbra Mcquillen,"Union, NJ",6503760346,9 Fame St.
Leonia Nalls,"Union, NJ",7324154393,56 Clam St.
Rosamaria Isherwood,"Plainfield, NJ",2942856212,45 Pole Rd.
Karolyn Griffin,"Bridgeport, CT",4604674500,2 Ouh Dr.
Damion Wiegand,"Brooklyn, NY",2945176195,46 Bushes St.
Twana Lago,"Norwalk, CT",7205690977,2 Eladia Way
Blondell Amos,"Middletown, CT",5129989495,218 Rabbit Dr.
Sudie Bartholow,"Hicksville, NY",6800659629,237 Cased St.
Ava Smolka,"Paramus, NJ",1626625121,47 East Dr.
Patsy Holbrook,"East Brunswick, NJ",6366050131,6 Butter Dr.
Latrice Hambleton,"Edison, NJ",6593791835,18 Memory Ave.
Wanetta Storie,"Paterson, NJ",7886165598,154 Apple Deer Dr.
Carly Argo,"New Rochelle, NY",7285566064,743 Lincoln Psi St.
Gerald Mckoy,"Queens, NY",2898351883,94 Efe St.
Anton Kallenbach,"Hartford, CT",4330180224,58 Glass Way
Otelia Angulo,"Yonkers, NY",4475418533,84 Blonde Eagle Way
Loida Lebow,"Paterson, NJ",9141990336,89 Nose Dr.
Cassi Radney,"Hamden, CT",8433417933,93 Goya St.
Vena Hagstrom,"Hartford, CT",5691558083,3 Ridge Way
Ricky Sarratt,"Commack, NY",9423338277,61 Phi Dr.
Nyla Warrick,"Harrison, NY",2790682713,1 Hijo Rd.
Berenice Firth,"Paramus, NJ",3383520327,437 Yallre St.
Selena Bohner,"East Brunswick, NJ",3329328879,981 Chine St.
Sharika Sturgell,"Paterson, NJ",1762717492,79 Horn Bay Rd.
Serina Wurth,"Harrison, NY",7801577202,83 Mango Ave.
Mitchel Sherwin,"New Brunswick, NJ",8031177181,1 Eot St.
Karmen Bushway,"Ridgewood, NJ",4066644051,929 Gee St.
Laverne Jakes,"Stamford, CT",5114642530,982 Ridge Way
Lesa Lucero,"Nanuet, NY",6767064844,7 Reel Dr.
Frederic Schade,"New Rochelle, NY",4254715112,2 Lone Rd.
Wally Redington,"Paterson, NJ",7592825300,22 Sheena Rd.
Kirstin Mondragon,"Milford, CT",8549866910,1 Rabbit Ave.
Dorinda Carwile,"New City, NY",2731939193,5 Yeet Way
Ivonne Draeger,"Tarrytown, NY",4754770230,8 Tamara St.
Marine Muirhead,"Stamford, CT",1218860151,39 Wast Lilly Ave.
Vincent Nottage,"Piscataway, NJ",8469180014,32 Deandre Dr.
Randal Lamberti,"New City, NY",6727100797,873 Tree Rd.
Noemi Matula,"Stamford, CT",4173704280,5 Uno St.
Felica Seaver,"New City, NY",3256131490,995 Marla St.
Rochel Hollomon,"Long Island, NY",3648089911,843 Second Ave.
Amie Clampitt,"New City, NY",2711255807,27 Beamer St.
Mercy Kromer,"East Brunswick, NJ",7454528648,25 Kayleigh Way
Misty Wyckoff,"Paterson, NJ",5538931602,2 Deandre Ave.
Tasia Kempf,"Huntington, NY",4792397613,557 Grill St.
Casandra Lund,"Bronx, NY",2953260730,5 Cone Plane St.
Aron Parchman,"Paterson, NJ",6450089841,22 Essa St.
Miguelina Sick,"Commack, NY",1029533526,2 Tia Horn Rd.
Dewayne Ariza,"Paramus, NJ",6772226550,128 Case St.
Shelby Merrill,"Milford, CT",6925985594,9 Bonita Baywatch Way
Desire Pelzer,"Stamford, CT",8149906584,7 Bois Way
Elva Wycoff,"Middletown, CT",8793222265,53 Dire Dr.
Mathilde Folks,"Garden City, NY",6899062774,752 Lotus Ave.
Michaele Fling,"Spring Valley, NY",5251053005,87 Yard Dr.
Anissa Daulton,"Fairfield, CT",6171711082,951 Tree Dr.
Scott Basta,"White Plains, NY",3820558012,11 Seventh Ave.
Jose Berube,"Newark, NJ",2926352412,2 Name St.
Debera Maisch,"Long Island, NY",7042624394,969 Xec Ben Dr.
Margarete Woodbridge,"Livingston, NJ",3968163328,5 Amalia Way
Genna Veit,"Bronx, NY",9389421436,358 Jacinda Dr.
Mellisa Fagan,"Hamden, CT",8899567825,57 Sailor Dr.
Betsy Sheaffer,"New Britain, CT",1681098276,946 Yest Rd.
Carmelina Volpe,"Norwalk, CT",7236573285,582 Ive St.
Dierdre Shelby,"New Haven, CT",8882536201,22 Horn Ave.
Kira Fergerson,"Manhattan, NY",6684616775,98 Peace Way
Alfonzo Wigfall,"Paramus, NJ",2809451878,998 Troy Rd.
Louis Curling,"New York, NY",9390548960,521 Nana St.
Eden Horner,"Plainfield, NJ",1329701750,23 Eot St.
Sherlene Blowers,"Clifton, NJ",9933327415,7 Lavonda Way
Salvador Cogan,"Ridgewood, NJ",2426429956,7 Brine St.
Cristi Hoerner,"Nanuet, NY",3909723415,149 East Rd.
Madelyn Whitesell,"New York, NY",6590427627,979 Pole Rd.
Willette Brosius,"Garden City, NY",7215571661,26 Name St.
Winifred Montano,"Hamden, CT",7132290006,67 City Way
Andreas Benner,"Yonkers, NY",5849881186,4 Jannie Ave.
Trisha Schurg,"Madison, CT",3046717174,11 Rice Rd.
Terica Rasmusson,"Hicksville, NY",3096775005,344 Vent Ave.
Genevieve Schrage,"Middletown, CT",6086866545,46 Found Way
Sharyn Maclean,"Hicksville, NY",6003706996,67 Nose St.
Pat Kuehl,"New Haven, CT",5115421891,419 Lawrence Sail Ave.
Julienne Im,"Long Island, NY",3790707248,722 Wave St.
Eugenio Stong,"Hamden, CT",5580211666,4 East Ave.
Fatimah Plowman,"Paramus, NJ",4042224110,5 Second St.
Racquel Ridenhour,"New Haven, CT",8899986186,964 Fist St.
Gertrud Catto,"Paterson, NJ",8584206882,151 Miller Plane Way
Thelma Lott,"Brooklyn, NY",6815815915,5 Fone Way
Alta Jarnigan,"Bronx, NY",1694044027,7 Made Glass Dr.
Jacques Bueche,"Paterson, NJ",8083242167,1 Eladia St.
Elizbeth Villalta,"New City, NY",3714664071,933 Star Rd.
Krystal Whiteside,"Ridgewood, NJ",7760880141,9 Son Ave.
Lonna Manske,"Hicksville, NY",1365744687,16 Map St.
Wilfred Hennis,"Commack, NY",1702521000,179 Mioe St.
Ramona Sleeper,"Plainfield, NJ",3206547183,33 Comit Way
Devin Arora,"Middletown, CT",6252220801,5 Even St.
Refugio Hanzlik,"Tarrytown, NY",6321946608,6 Wish St.
Meg Morlan,"Milford, CT",9991334836,53 Lone Ave.
Dustin Schneider,"White Plains, NY",1131109533,57 Red Way
Margie Leffel,"Clifton, NJ",4814786547,29 Alum St.
Jeneva Martinsen,"New Haven, CT",5260602105,4 Three St.
Elenore Brigance,"Hempstead, NY",1813417231,8 Elm Rd.
Ardelia Marzano,"Staten Island, NY",5680093157,94 Altimar Rd.
Juliette Hervey,"Hempstead, NY",2669581050,1 Ouh Way
Jessie Heywood,"Paterson, NJ",6586836796,62 Three Way
Sharen Leduc,"New York, NY",7622432356,8 Inn Ave.
Zora Hayden,"Summit, NJ",7593014953,91 Marc St.
Landon Degenhardt,"New City, NY",3179996035,3 Alaina Horn Rd.
Rosalie Enloe,"Edison, NJ",6082685021,2 Elm Way
Yee Landeros,"Bronx, NY",8012078251,9 Marvin St.
Charlene Rood,"Hartford, CT",7424712891,62 Day Dr.
Randy Voigt,"Tarrytown, NY",6911055494,734 Upt Dr.
Dottie Brooking,"Clifton, NJ",2291786988,458 Sin Ave.
Malcom Maines,"Paramus, NJ",3914969341,5 Fan St.
Willow Dino,"Spring Valley, NY",4482879410,2 Elly St.
Myong Lusby,"New Rochelle, NY",9483257825,425 Lavonda St.
Dion Aldaco,"Middletown, CT",3320126724,36 Friend Ave.
Alexa Steppe,"Staten Island, NY",1540219830,168 Quilt St.
Danita Singh,"Livingston, NJ",3065210306,82 Team Duke Rd.
Rashida Woodson,"Hackensack, NJ",4546101043,33 Cone Way
Johnathan Lester,"Clifton, NJ",4631171226,7 Ripple St.
Delcie Dimuzio,"Piscataway, NJ",9503613734,547 Marvin St.
Les Tiner,"New Brunswick, NJ",9800606554,343 Fone Dr.
Gia Mireles,"Newark, NJ",5413232022,269 Sanford Way
Xavier Marinelli,"Nanuet, NY",8291699800,9 Everett Ave.
Candace Vanpelt,"White Plains, NY",6260262018,7 Wish St.
Ayanna Ehrmann,"Bridgeport, CT",4042722970,92 Scorpion Rd.
Zenaida Baudoin,"New York, NY",3590570434,3 Nana St.
Lori Stott,"Union, NJ",5981430632,15 Hair Dr.
Gabriela Mackay,"Nanuet, NY",9427915805,9 Afts Dr.
Araceli Schear,"Middletown, CT",3061167950,8 Tone Ave.
Fern Speir,"New City, NY",2351954333,99 Blonde Tango Way
Virginia Delara,"Morristown, NJ",1929509893,449 Tron Dr.
Euna Blackstone,"Edison, NJ",2949884775,1 Shiny Peelo St.
Roselia Charters,"Morristown, NJ",8431381642,7 College Dr.
Kylee Doung,"New Brunswick, NJ",2754117317,6 Horn St.
Kizzie Goltz,"Harrison, NY",3098436743,227 Lold Ave.
Karmen Blessing,"Hicksville, NY",3789377531,175 Leep St.
Lucas Dellinger,"Ramsey, NJ",1386749059,9 Three St.
Merrilee Barlow,"East Brunswick, NJ",2903247794,468 Nordic St.
Deb Trundy,"New York, NY",1340219769,15 Red Dr.
Evia Miltenberger,"Elizabeth, NJ",7125103961,89 Gift Rd.
Kelley Junker,"Manhattan, NY",5233038683,12 Youth Dr.
Marlana Lovingood,"Commack, NY",5186991757,63 Plane Dr.
Federico Erne,"Clifton, NJ",3007825707,38 Voyage Dr.
Heide Correll,"Garden City, NY",1827339871,1 Plane Way
Mathew Dryer,"Ridgewood, NJ",7622452656,142 Nana Dr.
Shana Krings,"Bridgeport, CT",9885612213,3 Leep Way
Daniel Huffer,"Ridgewood, NJ",7476519620,38 Fone Way
Charley Wolfgang,"Manhattan, NY",5369404557,628 Hertz Dr.
Tawnya Bynoe,"Smithtown, NY",1332710387,5 Lakisha St.
Lacy Hansford,"Commack, NY",3733255901,926 Sin Dr.
Hillary Borth,"Bridgeport, CT",3881270790,37 Ski Way
Laquanda Hardeman,"Huntington, NY",5062512768,3 Sheena Dr.
Wilda Buchanan,"Morristown, NJ",5577355492,867 Polo St.
Herschel Mascorro,"Paterson, NJ",6435200629,3 Fine Ave.
Irish Rameau,"Milford, CT",2604012774,4 Esperanza Dr.
Demarcus Kohut,"Fairfield, CT",1699130916,91 Lent Rd.
Steven Defoor,"Ridgewood, NJ",5815322323,28 Kane Quilt St.
Venus Montijo,"White Plains, NY",9984488627,61 Everett St.
Barton Toews,"Norwalk, CT",3868316820,47 Keiko Way
Miki Leclaire,"Hicksville, NY",4052585329,5 Elm Rd.
Mara Barnard,"Hamden, CT",1836999984,725 Ridge Rd.
Nada Ricci,"Edison, NJ",4003324080,77 Canvas Well St.
Nolan Okafor,"New York, NY",5594396364,1 Fine St.
Vernita Doi,"Clifton, NJ",3188500131,95 Fish Rd.
Dexter Sparks,"Ridgewood, NJ",2635183030,9 Scape Bay Dr.
Marco Dagostino,"Smithtown, NY",3499897346,5 Gift St.
Malka Wager,"East Brunswick, NJ",3377947908,25 Dread St.
Kathlyn Burts,"Newark, NJ",5387468973,98 Geicko St.
Rikki Wellington,"Union, NJ",5882509724,932 Ouyy Rd.
Gaston Byron,"Clifton, NJ",2439283100,61 Jennette Rd.
Gilberte Broadwater,"Paterson, NJ",2282092223,8 Star Ave.
Pasquale Kenison,"Milford, CT",6165008823,2 Fish Way
Elise Bilby,"Commack, NY",5675061942,268 Dirt Dr.
Claudine Villano,"Elizabeth, NJ",4570131321,7 Ouh St.
Ashlyn Dildy,"Plainfield, NJ",9809242155,892 Uno Way
Preston Mooneyhan,"Milford, CT",5148044246,3 Idel Way
Marla Eves,"Garden City, NY",8003851516,71 Baywatch St.
Dorthey Coots,"Nanuet, NY",6855654184,82 Rico Way
Farah Lantigua,"Ridgewood, NJ",5501360470,145 Wirth Dr.
Nakisha Alberico,"Union, NJ",6674362001,32 Eot St.
Herta Belt,"Clifton, NJ",1571813996,1 True Dr.
Eveline Ramires,"Commack, NY",7451937206,747 Wish Dr.
Reita Swigert,"Nanuet, NY",7534298968,8 Deandre Dr.
Carolee Boltz,"Ridgewood, NJ",1581516061,68 Bois Rd.
Rosemary Tatum,"Summit, NJ",9364900731,538 Sailor St.
Kris Britton,"Plainfield, NJ",8282811388,717 Uff Dr.
Gregorio Krupp,"Newark, NJ",8056686553,6 High St.
Shena Marsch,"Bronx, NY",9357348761,71 Eute St.
Xavier Haro,"Clifton, NJ",4472727732,947 Blue Ave.
Gaylord Jett,"Hamden, CT",3278846841,33 Behind Way
Chun Pointer,"New York, NY",5893129688,264 Yellow Polo St.
Wilhemina Osby,"East Brunswick, NJ",3872741001,23 Fountain St.
Kelli Beckles,"Clifton, NJ",2898910408,5 Flash Alk Way
Clora Pollock,"Hackensack, NJ",4670270956,1 Lotus St.
Meaghan Liakos,"Bronx, NY",3010275456,32 Lincoln Harvot St.
Drusilla Reno,"New City, NY",5129216552,6 Nana St.
Letha Taliaferro,"Clifton, NJ",7331906325,4 Sun Ave.
Lashawn Bonds,"Bridgeport, CT",1080442281,792 Henry Dr.
Timika Fridley,"White Plains, NY",2768912007,5 Shirlene Rd.
Nakita Costin,"Long Island, NY",3912339946,6 Jey Sail St.
Noe Colburn,"Bridgeport, CT",5910423629,866 Utz St.
Christia Liberatore,"New Haven, CT",7400436478,121 Whitley Rd.
Garth Mascia,"Bridgeport, CT",3723007855,24 Key St.
Estefana Augustyn,"Tarrytown, NY",2676160490,1 Dory Ave.
Ailene Geers,"Madison, CT",9373955173,93 Hein St.
Caron Caminiti,"New Britain, CT",7647512664,86 Becky St.
Libbie Drapeau,"Warren, NJ",8642871797,27 Cone Tango Way
Catina Veal,"Hackensack, NJ",6709643452,1 Corine Rd.
Buena Sowell,"Manhattan, NY",9873241422,696 Tango Rd.
Yetta Giguere,"Stamford, CT",4043630550,373 Lincoln Hijo Dr.
Mickie Barreiro,"Garden City, NY",4977463706,64 Eustolia Son Way
Stefany Lepage,"Bronx, NY",8182052700,77 Ahye Rd.
Melanie Austin,"Milford, CT",6098450997,4 Son Rd.
Daron Whalley,"Long Island, NY",8155878778,925 Blonde West Dr.
Dulce Nuckols,"Smithtown, NY",3794911945,96 Chine St.
Reyna Luke,"New York, NY",1333950381,7 Chain St.
Zac Torgersen,"Hempstead, NY",3967517414,68 Orant St.
Delicia Michalowski,"Newark, NJ",8159176134,171 Arianne Ave.
Patria Knauss,"Middletown, CT",6271616783,797 Hein St.
Mandie Mckennon,"Piscataway, NJ",4542727276,78 South Way
Charles Gorton,"Middletown, CT",9113611547,5 Blonde Fort Dr.
Carleen Eastwood,"Madison, CT",4620410784,757 Afts Dr.
Joette Ulery,"Bridgeport, CT",6712631428,28 Sanford Dr.
Antonina Frye,"Edison, NJ",6337490775,788 Ripple Ave.
Porfirio Moschella,"Hicksville, NY",2674149515,82 Supreme St.
Albina Lowell,"Manhattan, NY",9789258012,4 Goyard Way
Yvonne Villafana,"Summit, NJ",4656832642,942 Mose Way
Jasper Noble,"New Brunswick, NJ",5048294190,9 Sin Dr.
Prince Thrailkill,"New Brunswick, NJ",8704837044,614 Keiko Rd.
Fernanda Greenwood,"Queens, NY",6318651056,615 Vent St.
Dalene Cavanaugh,"Bridgeport, CT",8352941361,6 Breath Dr.
Nadia Kerlin,"Piscataway, NJ",6174746072,25 Harvot Yellow St.
Claretha Betz,"New Haven, CT",4334268788,28 Canvas Duke St.
Cleotilde Mcfarren,"New City, NY",8488014536,379 Alaina Horn Rd.
Cecily Shorey,"New York, NY",1589286453,1 Yest Ave.
Eboni Cadet,"Livingston, NJ",8272947695,6 Polo Way
Deena Olmedo,"Tarrytown, NY",9053404757,616 Mist St.
Mariam Short,"Clifton, NJ",1228956873,98 Front Dr.
Ingrid Savidge,"Clifton, NJ",5095353384,29 Bud Ave.
Lilian Bieniek,"Commack, NY",2451060492,354 Tame Rd.
Domonique Francia,"Bridgeport, CT",3359451841,6 Reel Rd.
Jef Ashbaugh,"Norwalk, CT",3973539243,773 Esperanza St.
Elvie Vandine,"Manhattan, NY",6007017319,95 Tone St.
Micheline Lipka,"East Brunswick, NJ",2240066368,246 Eot Ave.
Ollie Risher,"Staten Island, NY",1961981488,6 Spoon St.
Evette Wedding,"New Brunswick, NJ",4560479499,68 Dreama Way
Damon Prada,"Bridgeport, CT",1328182612,77 Orant Way
Emely Batchelder,"Bridgeport, CT",4268144353,382 Yard Dr.
Laquita Dismukes,"Milford, CT",3228437695,29 Hens St.
Jami Wojtowicz,"Hamden, CT",9061038440,98 Hijo Dr.
Honey Millen,"Hicksville, NY",9995622885,279 Made Sailor Rd.
Delaine Nader,"Milford, CT",6316630091,115 Myrl Rd.
Yuki Gracia,"New City, NY",2058110562,722 Willetta St.
Magda Manners,"Brooklyn, NY",2581380257,599 Hair Dr.
Grazyna Digiovanni,"Garden City, NY",2513808615,74 Clam St.
Stewart Suther,"White Plains, NY",7583286006,16 Ive Dr.
Heath Hulen,"Hicksville, NY",7212359865,2 Chain St.
Yevette Rawles,"Hicksville, NY",7064281612,91 Ceen Rd.
Shakita Ruland,"Paterson, NJ",5100479363,355 Wolf Way
Lavonia Suitt,"New York, NY",7444801020,886 Silas Dr.
Tanika Creel,"Morristown, NJ",4105032051,789 True Rd.
Nadine Fuller,"Piscataway, NJ",2560611521,8 Case Ave.
Dionne Degreenia,"Staten Island, NY",5203427293,5 Plain Rd.
Emilio Rountree,"Ridgewood, NJ",2102130883,961 Blonde Terra Dr.
Weldon Lamphear,"Hicksville, NY",7503652606,8 Fligh Way
Jasmin Babb,"Bronx, NY",8432914820,64 Flash Hole St.
Wonda Vangundy,"Manhattan, NY",2892725503,8 Polo Dr.
Mirian Permenter,"Ridgewood, NJ",9245627041,1 Alexia Way
Cleotilde Bedsole,"Clifton, NJ",9363345412,47 Fyre Dr.
Kerrie Seamons,"Norwalk, CT",4177115778,33 Peace Dr.
Reginia Carney,"Garden City, NY",2989668907,6 Becky Ave.
Jacqueline Hard,"Tarrytown, NY",2075527809,33 When St.
Natalia Kitzmiller,"New Britain, CT",5510121689,35 Rice St.
Pearl Holt,"Hartford, CT",3938169439,7 Alexia Ave.
Thalia Littrell,"Ridgewood, NJ",3820964071,67 Eladia Way
Sanjuana Braham,"Piscataway, NJ",8736381440,7 Coast Rd.
Milton Stenberg,"Brooklyn, NY",8829019615,95 Iht St.
Betsey Ignacio,"Middletown, CT",9180809107,122 Ouh St.
Lael Mertens,"Brooklyn, NY",1330447144,5 Map St.
Twyla Bullington,"Nanuet, NY",4651636736,41 Wast Canada St.
Rupert Hurless,"Spring Valley, NY",2455893638,676 Chine St.
Marg Leaver,"Commack, NY",6864569357,872 Star Rd.
Kera Costin,"Milford, CT",7404787169,69 Canvas Deer St.
Shauna Brehmer,"New Haven, CT",1737887721,653 Ahye Ave.
Garfield Rieger,"Hicksville, NY",1002425714,1 Middle Dr.
Nieves Renn,"New City, NY",6412130063,3 Stane Rd.
George Ragsdale,"Hamden, CT",4816449503,3 Squirrel Dr.
Lanora Cousino,"Norwalk, CT",5113142780,342 Yard St.
Caterina Borda,"Queens, NY",1822676769,9 Friend St.
George Meloy,"Tarrytown, NY",1289477697,427 Lekisha St.
Paulette Sellman,"Hamden, CT",1540098937,66 Dyan Dr.
Tyrone Wyman,"New Brunswick, NJ",1890388373,21 Delorse Rd.
Linwood Carpentier,"Ramsey, NJ",3716112199,47 Horn St.
Rachal Mattes,"New Britain, CT",8667010773,9 Alexia Rd.
Nobuko Ruark,"Milford, CT",9603106498,2 Sperry St.
Mariette Krupa,"Milford, CT",5779657301,893 Eot Rd.
Anderson Jerkins,"Paramus, NJ",7009420469,491 Night St.
Mel Boese,"White Plains, NY",1204953786,698 North Rd.
Masako Mccranie,"Bridgeport, CT",3942834537,564 Tone Ave.
Lynwood Mcneal,"New Britain, CT",4771311618,341 Tamara Ave.
Janean Glazer,"Livingston, NJ",8259798277,27 Sheen Way
Woodrow Witten,"Norwalk, CT",7653314065,1 Door St.
Leonida Waldow,"Long Beach, NY",6633839096,9 Hard St.
Nona Fasano,"Tarrytown, NY",8220256732,257 Chris Way
Karie Clouser,"Commack, NY",6246553204,9 Eioghth Dr.
Candyce Treadwell,"Norwalk, CT",7688853640,155 Behind St.
Shery Tallarico,"Manhattan, NY",1774517932,52 Crine St.
Julianne Saeger,"Brooklyn, NY",6446978013,867 Summer Way
Halina Cameron,"Nanuet, NY",6812438787,9 Door St.
Mirian Betton,"Norwalk, CT",7305698325,1 Woma Rite Rd.
Bryon Furniss,"Morristown, NJ",1925983097,9 City Ave.
Mariella Boze,"Middletown, CT",5597331687,998 Vent St.
Daniella Denby,"Edison, NJ",1011936806,8 Lakisha Rd.
Kathaleen Lenard,"Brooklyn, NY",8117408551,29 Bay Way
Mei Shao,"Hamden, CT",1378967993,5 Harvot Plane Way
Sherlene Winstead,"Milford, CT",8713867925,1 Keystone Dr.
Barton Magdaleno,"Ridgewood, NJ",1817775727,65 Darius St.
Ira Fralick,"Staten Island, NY",4827189869,3 Font Rd.
Dolores Iverson,"Summit, NJ",4091884799,5 Kayleigh Rd.
Lawanna Merideth,"Ramsey, NJ",5198497035,995 Peelo St.
Rosina Difalco,"Middletown, CT",5276452422,15 Oversee St.
Alexander Versace,"Brooklyn, NY",8996348579,886 Rart St.
Erlinda Brooker,"Milford, CT",7107495128,15 Silas Dr.
Jayna Granada,"Hartford, CT",7230453536,673 Mist St.
Mikaela Power,"Manhattan, NY",3816379574,782 Ole Dr.
Davida Trimm,"Garden City, NY",7843942364,718 Polo Dr.
Wilbert Chatmon,"New Rochelle, NY",3683943185,845 Swing Ave.
Rubye Roa,"Middletown, CT",2373360243,71 Woma Gee St.
Cami Weldon,"New City, NY",4697493501,9 Afts Dr.
Chas Loan,"Milford, CT",3931320146,435 Jennette Way
Madie Frutos,"Milford, CT",7213538522,11 Willetta Rd.
Oralee Burciaga,"Commack, NY",6820127088,519 Rice Way
Marcelle Meehan,"New City, NY",5182845352,14 Essa Way
Ileen Mcentee,"Warren, NJ",3877209374,7 Marla Rd.
Kimiko Packett,"Summit, NJ",8072452543,58 North Ave.
Parker Searls,"Milford, CT",1410857318,4 Mack Way
Jackson Epps,"Piscataway, NJ",7377091950,774 Lakisha Rd.
Joyce Hirano,"New Rochelle, NY",1509660012,3 Ole St.
Mayra Newbold,"New City, NY",1294430361,74 Shiny Fine Ave.
Many Purvis,"Madison, CT",6817927543,2 Eustolia Peelo Ave.
Corrine Fred,"Ridgewood, NJ",9085541189,2 Star St.
Lizeth Bissonnette,"Ridgewood, NJ",4509177149,948 Eustolia Tango Dr.
Lovie Simmons,"Hempstead, NY",3960941869,2 Hold Dr.
Joy Louie,"Piscataway, NJ",5777864100,9 Tentht Way
Modesto Feggins,"Tarrytown, NY",4533118158,82 Hertz St.
Michale Soileau,"New Brunswick, NJ",4573078445,1 Shaquita Ave.
Casimira Ammann,"Paramus, NJ",2983850947,7 Fourth St.
Ken Gargano,"White Plains, NY",7703698683,95 Goya St.
Helen Crispin,"Bronx, NY",3858748775,26 Wast Yeet Way
Ilene Haubert,"Morristown, NJ",2240183354,689 When Dr.
Britney Tyre,"Commack, NY",6476598005,317 Yest St.
Yuriko Bracamonte,"Bridgeport, CT",1960625355,774 Bumble Dr.
Danyelle Hatchell,"Hamden, CT",9774373895,9 Elmest St.
Van Pascua,"Hempstead, NY",8518258853,417 Mirror Way
Gordon Duchesne,"Bridgeport, CT",1293911645,256 Lynna Ave.
Sterling Brantner,"Plainfield, NJ",5205916066,125 Dory Dr.
Eda Oscar,"Commack, NY",6170832366,32 Elvina East Ave.
Vida Huertas,"Bridgeport, CT",9286852560,9 Skies Dr.
Stacie Seda,"Stamford, CT",1212679486,88 Stane St.
Janett Hightower,"Paterson, NJ",1761512362,15 Taam St.
Sheryl Graydon,"Bronx, NY",6013223783,8 Were Dr.
Rochell Grabowski,"Hartford, CT",6364196580,158 Willetta Ave.
Wilma Camburn,"Summit, NJ",5609352259,21 Gone St.
Glady Millette,"Commack, NY",5688829240,7 Born Ave.
Kelsie Barreto,"Hempstead, NY",3387012472,888 Born St.
Ernestina Cornwall,"Paramus, NJ",2241059307,7 Hole Lilly St.
Maggie Sears,"Livingston, NJ",4701393280,764 Wish St.
Mikaela Toledo,"Yonkers, NY",6660004249,9 Brist St.
Wendolyn Pedraza,"New Haven, CT",6177735813,364 Prince Rd.
Deandra Malbon,"Bronx, NY",7155318529,8 Pen St.
Suzan Gaines,"Hamden, CT",6354457018,4 Blonde Bridge Dr.
Colby Boatwright,"Elizabeth, NJ",3749355425,289 Bushes St.
Shenita Imel,"Hamden, CT",4308198183,995 Sanford Ave.
Verona Guernsey,"Bridgeport, CT",3196832291,54 Team Dolphin Dr.
Leatrice Nastasi,"New York, NY",4713272629,51 Liss Dr.
Tambra Arocho,"New York, NY",3861229775,8 College Dr.
Reid Swink,"Madison, CT",9238290332,924 Hens St.
Samara Lawrie,"Plainfield, NJ",6869061344,8 Tone Rd.
Chi Mcwaters,"New York, NY",6620122336,24 Bay Rd.
Lanette Michna,"Norwalk, CT",3238893205,86 Gucci St.
Lashaunda Fritch,"New City, NY",2106153496,22 Liss Way
Raymon Pawlik,"Norwalk, CT",9265407280,9 Rart Ave.
Jeffery Mcrae,"New Brunswick, NJ",6789833314,466 Gone Rd.
Elton Bigler,"Huntington, NY",5639937953,497 Arianne St.
Aubrey Cada,"Bridgeport, CT",8120620789,283 Case St.
Madie Tsang,"Queens, NY",7203600662,364 Hard St.
Jc Dunfee,"Hicksville, NY",7407993422,684 South Rd.
Bao Roberds,"White Plains, NY",4944558014,751 Alaina Stock Way
Keva Wiles,"Brooklyn, NY",6174765600,547 Summer St.
Mayra Mash,"Nanuet, NY",6696639229,645 Hija St.
Ok Darland,"New Haven, CT",6082417674,28 Reel Rd.
Adrien Ladd,"Newark, NJ",2513360793,736 Cherry St.
Andrea Wilbanks,"Piscataway, NJ",9038912893,6 Key Ave.
Lenita Burciaga,"Plainfield, NJ",9816324586,18 Hertz Ave.
Adan Zubia,"Edison, NJ",8725033180,853 Donte St.
Joellen Connors,"Long Island, NY",2577416164,6 Jey Deer St.
Katrice Capasso,"New Brunswick, NJ",8169642905,54 Alexia Dr.
Dean Chapdelaine,"Summit, NJ",6685192048,9 Amalia Way
Alton Etheredge,"Bronx, NY",7420970222,986 Geicko St.
Asley Molino,"Ridgewood, NJ",5552351911,77 Woad Dr.
Somer Dimeo,"New Brunswick, NJ",8027821469,283 Dread Dr.
Lavone Manns,"Commack, NY",6568866440,921 Teem Verga St.
Seth Goff,"Bridgeport, CT",2885338630,882 Squirrel Dr.
Lissa Wedderburn,"Paterson, NJ",1092284554,667 Cynthia Dr.
Adriene Sigg,"Tarrytown, NY",4223305394,17 Three Way
Adria Ostroff,"Ramsey, NJ",2364330009,656 Lone Rd.
Anthony Mally,"Edison, NJ",5169847769,15 Lad St.
Elroy Daigre,"Paramus, NJ",7931541173,3 Lifve Way
Rosena Ritchey,"Paramus, NJ",3287545416,5 Bushes Rd.
Sharlene Edmundson,"Hamden, CT",9261697689,63 Hennesey Ave.
Rod Guerrette,"Spring Valley, NY",3270883956,5 Fort St.
Oleta Dickman,"Morristown, NJ",5067760942,6 Shop Rd.
Selena Devault,"Nanuet, NY",4285707709,777 Squirrel Rd.
Isabelle Omar,"Bridgeport, CT",1508949067,8 Night Way
Mora Hilley,"Morristown, NJ",4675124989,924 Day Rd.
Kendall Gutman,"Clifton, NJ",1430042451,4 Prince Way
Angeles Vanbeek,"Summit, NJ",6500384518,32 Trope St.
Elmer Million,"New York, NY",1191401811,2 Keiko Way
Merrilee Chalmers,"East Brunswick, NJ",9948264930,6 Shop St.
Fernanda Timko,"Bridgeport, CT",1718108135,64 Name St.
Drusilla Salls,"Middletown, CT",7020713321,115 Tango Way
Kami Alred,"Commack, NY",1774511764,93 Hein St.
Salena Terrel,"Clifton, NJ",1293598921,91 Ben Dr.
Stephan Couture,"New City, NY",3764355262,529 Elm Way
Elizbeth Leith,"Plainfield, NJ",4569037339,4 Blunt Rd.
Jarred Chason,"Piscataway, NJ",7292567674,5 Hire Dr.
Chelsey Loving,"Nanuet, NY",5121556812,888 North Dr.
Bunny Wertz,"New Haven, CT",9221067434,451 Land Rd.
Li Stanek,"White Plains, NY",5873116885,214 Yeet Dr.
Kristle Bunge,"Ridgewood, NJ",1244263828,6 Latricia St.
Trina Northam,"Morristown, NJ",6814987606,379 Pest Way
Shaunte Lambros,"Newark, NJ",9484232238,7 Hire St.
Audrey Piccolo,"Queens, NY",4567942837,127 Mack St.
Shavonda Hutchins,"New York, NY",5874831561,469 Shoe Dr.
Arvilla Netto,"Long Island, NY",3420469797,165 Shaquita Ave.
Ariana Olson,"Union, NJ",3927519908,138 Sperry Dr.
Oralia Pettis,"East Brunswick, NJ",1236234380,897 Shop Dr.
Lakisha Horsley,"Elizabeth, NJ",3150896796,33 Elvina Lilly St.
Jeanie Willet,"Summit, NJ",2754651534,9 Bar Rd.
Lorriane Rhett,"Hempstead, NY",1242852746,39 Found Way
Chante Singleton,"Hamden, CT",6310824005,192 Chain Way
Azzie Breese,"Clifton, NJ",8522496839,38 Meagan Way
Palma Zander,"Paramus, NJ",7541452977,4 Bar St.
Peg Pizarro,"Piscataway, NJ",1534100937,216 Memory Dr.
Lory Kramer,"Bronx, NY",7180441483,28 Yeet Dr.
Casey Schlager,"Bridgeport, CT",8705310675,8 Shop Dr.
Fidela Hannibal,"Bronx, NY",2480299509,88 Cont Way
Marcela Kraker,"Paterson, NJ",1135936391,39 Light Ave.
Carroll Baine,"Manhattan, NY",5801406304,3 Scorpion Dr.
Stan Duffey,"Stamford, CT",6582038958,842 Fyre Way
Xochitl Cali,"Morristown, NJ",1703416003,363 Brist Dr.
Greg Sipp,"Long Island, NY",7231583213,748 Ridge Dr.
Janella Lane,"Harrison, NY",5213717331,596 Cont Dr.
Tod Lyman,"Bronx, NY",4388910280,9 Elmer Rabbit Dr.
Leo Golder,"Ridgewood, NJ",3895424991,9 Skirt Dr.
Pearl Pellegrini,"New Brunswick, NJ",3266620686,911 Plane St.
Syreeta Epperson,"Middletown, CT",1121233485,72 Shine Dr.
Darcey Whittaker,"Queens, NY",1041166201,83 Name St.
Elia Huynh,"Bronx, NY",8646758313,4 Elly St.
Skye Wragg,"New City, NY",2443474239,4 Rico Ave.
Roxane Cai,"Long Island, NY",3616341306,3 Teem Rite St.
Launa Monge,"Paterson, NJ",3460472695,57 Goya Dr.
Candace Mcalpin,"Spring Valley, NY",6233195414,445 Cynthia Ave.
Jessia Flippin,"Manhattan, NY",4328259467,28 Dolphin Rd.
Wilburn Belvins,"Livingston, NJ",2376387333,57 Teem Fyre Ave.
Loni Dann,"New Britain, CT",6331899594,475 Flash Rabbit St.
Theressa Haig,"Manhattan, NY",6782428769,168 Nino Dr.
Rozanne Youngblood,"New Rochelle, NY",7383399573,4 Meagan St.
Terri Pouncy,"New City, NY",1284371473,6 Rest Dr.
Zoe Clay,"Commack, NY",3046159150,99 Eye Rd.
Yolonda Deatherage,"Ridgewood, NJ",5679342633,523 Lavonda Dr.
Tasia Alleyne,"Piscataway, NJ",9620264085,311 Stock Ave.
Jarrett Viator,"Livingston, NJ",4869043358,24 Gucci Ave.
Ciara Strachan,"Tarrytown, NY",1000916219,1 Woad St.
Trinity Gersten,"Hicksville, NY",1385553981,2 Jennette Rd.
Marcelle Coen,"Manhattan, NY",4910016435,43 Jannie St.
Latarsha Holsapple,"Ridgewood, NJ",9417773084,94 Lilly Verga Way
Jackson Teasley,"Queens, NY",3558493130,3 Deer Ave.
Regina Herbert,"New City, NY",5446137600,1 Elly Way
Roberta Hadden,"New Rochelle, NY",9621420784,292 Apple North Ave.
Viva Camire,"New York, NY",3467755917,7 Plate Way
Alphonse Brochu,"Fairfield, CT",6286349940,938 True Rd.
Damien Parker,"Yonkers, NY",2527632483,238 Cont Ave.
Cherri Plum,"Hartford, CT",4317114646,83 Fone St.
Berniece Pettigrew,"Newark, NJ",7825629590,1 Vent Rd.
Lisha Bence,"Garden City, NY",8220970441,4 Essa Way
Cheryll Grant,"Tarrytown, NY",8178490107,7 Tame St.
Avis Christner,"Spring Valley, NY",4975868143,862 Cont Rd.
Ela Mcgilvery,"Paterson, NJ",9973997992,3 Wolf St.
Margret Regner,"Union, NJ",2174732182,9 Harvot Sailor St.
Meta Fleckenstein,"Huntington, NY",3087296721,1 Cap Dr.
Bethann Moller,"Clifton, NJ",5943036922,32 Trope Dr.
Magnolia Bays,"Paramus, NJ",1462607431,16 Butter Way
Shamika Marlar,"Stamford, CT",4011853663,2 Mark Ave.
Lynwood Printz,"Hempstead, NY",5863924616,846 Sanford St.
Doyle Trent,"Paterson, NJ",6042798494,178 Son Way
Daine Bibler,"Clifton, NJ",7714753000,385 Eioghth St.
Georgette Gautier,"Paramus, NJ",5039789914,352 Eve Dr.
Donette Slaten,"Piscataway, NJ",8466811350,724 Elly Rd.
Marvel Noles,"Summit, NJ",5476535656,682 Lakisha Dr.
Christal Maria,"Middletown, CT",5126865019,49 Ago Ave.
Wilber Leighton,"Union, NJ",3138855124,28 Azzie Way
Noelle Kubiak,"Tarrytown, NY",6514827081,9 Everett St.
Olinda Hallmark,"Summit, NJ",1663846602,9 Lawrence Psi St.
Starr Isabelle,"New York, NY",5559483505,1 Taylor Ave.
Tanna Striegel,"Smithtown, NY",7304036937,121 Middle Ave.
Sumiko Youngren,"Summit, NJ",4731676551,5 Hard Dr.
Jim Portera,"Ridgewood, NJ",8070802403,18 Eustolia Tone St.
Shaniqua Mcwhirter,"Bronx, NY",5709990254,286 Everett Way
Len Canavan,"Paramus, NJ",1740314726,7 Lifve St.
Ariel Lomax,"East Brunswick, NJ",2489833751,59 Willetta Ave.
Andy Leonard,"Garden City, NY",4375443088,5 Canvas Glass St.
Alease Iriarte,"Stamford, CT",5974630265,7 Phi Rd.
Kai Mcglown,"Nanuet, NY",8322125664,5 Efe Way
Lamonica Nash,"Stamford, CT",5227861934,74 Canada St.
Claudette Strope,"Paterson, NJ",1819928068,52 Tock Rd.
Dian Shipley,"Paterson, NJ",2754942697,4 Bay St.
Han Gosnell,"Madison, CT",8836914361,81 Ahye Dr.
Robbyn Kappel,"Hicksville, NY",4272652090,621 Friend Rd.
Terry Caple,"New York, NY",4688896094,8 Front St.
Sondra Cardona,"Tarrytown, NY",3430269078,476 Alum Rd.
Tommye Swart,"Commack, NY",7658375414,9 Alexia Ave.
Colene Aguillon,"Livingston, NJ",5259245103,1 Delorse St.
Karlene Colosimo,"Plainfield, NJ",7271142373,74 Leep Way
Stephenie Gumbs,"Garden City, NY",2677178729,613 Squirrel Ave.
Agueda Paek,"New Rochelle, NY",3796286754,1 Sign Way
Wynona Corker,"Hicksville, NY",2736383987,813 Lawrence Hennesey Rd.
Phyliss Yerby,"Brooklyn, NY",1345243401,921 Elly St.
Ashanti Cambre,"New Brunswick, NJ",7464433216,831 Corine St.
Allan Persing,"New Brunswick, NJ",6857102617,298 Cynthia Dr.
Rita Mcalpine,"Nanuet, NY",9271137093,3 Bone Bay Ave.
Darwin Waits,"Plainfield, NJ",6911043348,8 Stane Dr.
Sylvie Koenig,"New City, NY",3467061207,86 Verga Dr.
Rosalia Harris,"Tarrytown, NY",3884402500,84 Gang Fort Ave.
Elden Hochmuth,"Norwalk, CT",2692939944,41 Mark Way
Isobel Vallee,"Hamden, CT",3813899896,279 Ball St.
Monserrate Romine,"Nanuet, NY",4657426443,37 Lone St.
Minnie Shain,"Piscataway, NJ",2949617708,258 Eladia St.
Maris Ogorman,"Edison, NJ",2969714049,853 Myrl St.
Jina Mcburney,"Commack, NY",8864938795,9 Blunt St.
Arianne Almeda,"Paterson, NJ",9207992478,8 Leep Dr.
Pearl Joyce,"Hempstead, NY",8966513869,27 Jasper St.
Shamika Greiner,"Commack, NY",7944704536,8 Dyan Rd.
Trent Blackledge,"Garden City, NY",4172663506,316 Lake St.
Demarcus Parker,"Queens, NY",1186749395,91 Ahye Dr.
Wendy Lorentzen,"Ridgewood, NJ",9737185794,31 East Way
Craig Mitschke,"Ridgewood, NJ",5881911106,8 Wolf Dr.
Cindi Ming,"Newark, NJ",6278422441,1 Afts St.
Drew Ong,"Plainfield, NJ",3765525605,256 Esperanza Way
Necole Welte,"New York, NY",6368635027,267 Son Way
Bianca Lytch,"Hamden, CT",5170879853,862 Beans Way
Georgiann Corzine,"Long Island, NY",9500677518,25 Fyre St.
Bok Sugar,"Harrison, NY",4047548719,4 Alum Ave.
Britta Bernardi,"Tarrytown, NY",9065743497,73 Sign Ave.
Barney Newbury,"Staten Island, NY",3004534662,612 Lake Way
Roxanne Bybee,"Warren, NJ",1766048829,7 Hennesey St.
Lyle Bastian,"Commack, NY",4857226555,37 Reel Dr.
Laine Lindauer,"New Brunswick, NJ",3118959310,6 Cassey St.
Phil Mansfield,"Tarrytown, NY",8045898552,159 North Rd.
Jacalyn Dicicco,"Hamden, CT",4932780745,2 Swing Rd.
Phyliss Halperin,"Manhattan, NY",2811170093,9 Coast Dr.
Helena Linkous,"Staten Island, NY",3420489363,69 Bonita Peelo Dr.
Erasmo Matte,"Hamden, CT",6375273143,467 Mist Way
Lauretta Leath,"East Brunswick, NJ",6659765796,65 Cone Dr.
Davida Riley,"Commack, NY",3498321501,955 Door St.
Jade Vanetten,"Morristown, NJ",2780461896,347 Whitley Ave.
Krystin Rideout,"Stamford, CT",8987246245,426 Dyan St.
Winston Vanloan,"Tarrytown, NY",1145173401,36 Skirt Dr.
Charlena Pals,"Morristown, NJ",5306318268,72 Son Dr.
Susie Ching,"Paramus, NJ",7636168878,44 Peelo Rd.
Coleman Bremner,"New Brunswick, NJ",3413704475,469 Chin Rd.
Lilly Kale,"Long Beach, NY",1817465003,76 Pear Dr.
Sylvester Gaudette,"Milford, CT",2937264712,899 Vent Way
Hershel Grill,"Garden City, NY",3527309633,26 Baywatch Dr.
Fairy Edwards,"Commack, NY",4491559489,72 Kane Stock Dr.
Raylene Giel,"Morristown, NJ",2576084227,83 Cone Dr.
Marna Jordahl,"New Britain, CT",4007780211,368 Tia Red Way
Leandra Andrus,"Edison, NJ",5037232470,7 Horn St.
Reggie Lingle,"New Britain, CT",7604219450,553 Beans Way
Dolly Booe,"Long Beach, NY",7639113219,678 Azzie St.
Agustina Dover,"New Haven, CT",4044853905,83 Hard St.
Lacresha Tripodi,"Middletown, CT",3750026758,79 Fruit St.
Johnny Dresser,"Paramus, NJ",2677259739,44 Ridge Dr.
Domenic Rosecrans,"Newark, NJ",3208274860,35 Hija St.
Marchelle Boulter,"Hicksville, NY",9188716151,6 High Ave.
Vannesa Saucier,"Commack, NY",6681780601,777 Swing Ave.
Johnny Piermarini,"Clifton, NJ",7549782162,31 Goose Hennesey Dr.
Jeremiah Strange,"Plainfield, NJ",8478909797,7 Team Rite Ave.
Fred Fast,"Union, NJ",4335115846,48 Home Way
Melaine Story,"Hamden, CT",2515617956,97 Lynna Dr.
Roselle Kenny,"Garden City, NY",3620698157,351 Sanford St.
Shawn Begum,"Stamford, CT",6801430721,954 Cap St.
Shanon Kyle,"Ridgewood, NJ",3827463316,66 Plate Dr.
Signe Cutlip,"Harrison, NY",9978948047,285 Silas Way
Abel Graziano,"White Plains, NY",6798924361,14 Carl Ridge Way
Sherri Swindler,"Paterson, NJ",1882606116,978 Ouyy Dr.
Madison Fine,"New Brunswick, NJ",6488145749,985 Day Rd.
Janine Roiger,"Summit, NJ",5473174515,48 Hein St.
Adele Dickerson,"Union, NJ",4558662702,64 Built St.
Effie Preston,"Morristown, NJ",2552009068,196 Mist St.
Stephane You,"Newark, NJ",7126063058,68 Fame St.
Chong Scarborough,"Commack, NY",4497126328,6 Goya Ave.
Mechelle Streich,"Plainfield, NJ",4330990126,7 Fligh Way
Adina Tewksbury,"Tarrytown, NY",6305716815,65 Chine St.
Kristian Stifter,"Hicksville, NY",1718495375,97 Room Dr.
Debrah Hixson,"Bridgeport, CT",6846630880,56 Sixth St.
Danuta Russo,"Hamden, CT",3889052000,52 Gee St.
Cletus Quimby,"Livingston, NJ",2665652384,8 Mirror St.
Ivan Lastra,"New Brunswick, NJ",5200722773,68 Scorpion Ave.
Marquetta Hollis,"Hicksville, NY",1011086598,16 Altimar Way
Salena Melby,"Summit, NJ",1832918560,6 Home Way
Jodie Marsico,"Paterson, NJ",4969844923,112 Jey Phi Rd.
Elana Barger,"Hempstead, NY",8539738453,8 Ream Dr.
Sammie Geers,"Nanuet, NY",2440142127,698 Altimar Way
Belle Tow,"Huntington, NY",7776445994,121 Blooth Ave.
Ammie Revels,"Bronx, NY",7120068836,4 Hijo Rd.
Maryland Wishart,"Hamden, CT",3032443758,296 Inn Rd.
Minna Headlee,"Union, NJ",8762986257,74 Reel Rd.
Carolina Burt,"Ridgewood, NJ",8357726616,24 Hertz St.
Diedre Jayne,"Paterson, NJ",5634391199,974 Vein Ave.
Irene Deluca,"Tarrytown, NY",7412059671,37 Stewart Rd.
Terrilyn Aguayo,"New City, NY",5609325292,86 Cone Horn St.
Son Lanni,"Yonkers, NY",8412523133,89 Idel Rd.
Joshua Feaster,"New Brunswick, NJ",3992263174,9 Inn St.
Page Kittredge,"Tarrytown, NY",4110540609,447 Hija Way
Dianna Arai,"Plainfield, NJ",1136716582,9 Fone Rd.
Eloisa Fishman,"New York, NY",8021297888,9 Hertz Rd.
Bradford Mulder,"New Haven, CT",9872369392,4 Were St.
Mafalda Olivares,"Tarrytown, NY",3943386476,86 Summer St.
Addie Mcsorley,"Union, NJ",9034351831,9 Mirror Way
Humberto Nathan,"Paterson, NJ",3208501251,4 Fone Ave.
Calista Presler,"Tarrytown, NY",9486881651,54 Lake St.
Shavonda Brissette,"Bridgeport, CT",3374357192,9 Hair Way
Malvina Gibney,"Hempstead, NY",8198873293,22 South St.
Ramiro Domino,"Garden City, NY",5780768267,34 Al Ave.
Sunday Makowski,"Brooklyn, NY",5014006765,631 Ski Rd.
Sharonda Hedlund,"Harrison, NY",8997256549,229 Fruit St.
Alissa Bob,"New Rochelle, NY",7993360592,369 Troy Way
Tamatha Missildine,"Commack, NY",8614094925,2 Bois Ave.
Norbert Furby,"Yonkers, NY",5693230664,9 Gallow Ave.
Roseann Tomczak,"Queens, NY",4218744988,94 Lekisha Way
Theo Sproul,"Hamden, CT",1309182364,71 Amalia Rd.
Eli Bosque,"Piscataway, NJ",4654750405,374 Tentht Dr.
Mathilda Partlow,"Plainfield, NJ",2334139749,4 Keystone Dr.
Alexia Spraggs,"New York, NY",4990713013,5 Skirt Dr.
Grover Pitzer,"Long Beach, NY",1490420565,331 Mack St.
Jesenia Solorio,"Union, NJ",4424049441,51 Vine St.
Bernie Pilcher,"Tarrytown, NY",4970109040,148 Pest Way
Bee Sedgwick,"Bridgeport, CT",7151927140,376 Xec Marc Ave.
Gretta Bourke,"Hicksville, NY",2245191666,751 Darius St.
Lanny Sy,"Norwalk, CT",1590211504,745 Pen Way
Nathanial Campbell,"New York, NY",6064183630,532 Fligh Dr.
Santiago Gartland,"Huntington, NY",6850367686,991 Ole Rd.
Treasa Shurtleff,"Piscataway, NJ",7833310168,1 Ole St.
Jay Heinemann,"New Britain, CT",7111168684,1 Cont Ave.
Ashlie Vantassel,"Spring Valley, NY",7919276875,7 Butter St.
Lilian Donahue,"Yonkers, NY",9524276459,5 Peen Ave.
Arthur Minks,"Nanuet, NY",8622705747,25 Apple Wolf Ave.
Vinita Versace,"Summit, NJ",5189494289,53 Yallre St.
Marquitta Oliver,"Edison, NJ",1396565987,2 Hennesey Way
Chantelle Marcucci,"Queens, NY",3425947481,634 Lotus St.
Ursula Scarboro,"Garden City, NY",4029971958,291 Shaquita Rd.
Willette Hodgins,"Paramus, NJ",5904915311,352 Latricia Ave.
Amira Badura,"Newark, NJ",6308990647,16 Eustolia Middle St.
Izola Jalbert,"Paterson, NJ",6955383498,6 Coyote St.
Eldridge Mccord,"Clifton, NJ",9268681635,63 Land Way
Thora Mcguffie,"Staten Island, NY",4321463593,2 Psi St.
Simonne Bare,"New Haven, CT",7472983157,53 Voyage Rd.
Victorina Rhoades,"Summit, NJ",8166419538,141 Verga Way
Lavonia Haymond,"Smithtown, NY",7866241443,7 Shine St.
Roxy Cogar,"Milford, CT",3295616748,531 Elm Ave.
Antwan Poulson,"Middletown, CT",9012426759,11 Stone Way
Kenton Dimas,"Piscataway, NJ",6644526901,26 Kayleigh Dr.
Jeanetta Hatcher,"Paterson, NJ",1941506225,899 Sheena Rd.
Jazmine Greve,"Paramus, NJ",7158527308,627 Lucretia Way
Synthia Lavigne,"Staten Island, NY",5517444823,9 Pen St.
Lavone Hickox,"New Rochelle, NY",8362900577,3 Tooth Way
Felicidad Christner,"Bridgeport, CT",8354040256,5 Mose St.
Renea Dawe,"Middletown, CT",6404045687,67 Ripple Dr.
Shon Gaston,"Edison, NJ",3124646139,643 Uno Ave.
Josh Chard,"Summit, NJ",6988657929,141 When St.
Monnie Hachey,"White Plains, NY",6106315218,765 Cynthia St.
Ronald Bodin,"Bronx, NY",1422073067,6 Troy St.
Rona Cox,"New York, NY",5333101567,423 Hein St.
Clifford Antonelli,"Clifton, NJ",5669480003,36 City Rd.
Nella Bufford,"Nanuet, NY",2414858991,36 Bois Rd.
Lenny Funari,"Union, NJ",4143071181,818 Eioghth Dr.
Hayden Rene,"Brooklyn, NY",9731631240,11 Kayleigh Ave.
Kaylene Twombly,"Morristown, NJ",2237120632,688 Hard Ave.
Marissa Humes,"Commack, NY",3124419678,268 Chris St.
Sherryl Wickwire,"Edison, NJ",1479318398,1 Sign Ave.
Sharilyn Mciver,"Edison, NJ",3533056381,596 Hein Way
Jimmie Cassinelli,"Ridgewood, NJ",5132739075,1 Lotus St.
Rosio Dalessandro,"Nanuet, NY",9965951537,338 Dyan Way
Sanford Sinn,"Madison, CT",8568484171,525 Alexia Dr.
Dedra Goodale,"Livingston, NJ",7779827316,78 Xec Phi Rd.
Shaunte Vandenbosch,"Hamden, CT",5367886586,251 Build Dr.
Eladia Montanye,"Warren, NJ",4169644932,3 Sun Rd.
Lyda Matzen,"Paramus, NJ",5839087840,7 Cone Ham Ave.
Preston Yount,"Morristown, NJ",9680457320,78 Eioghth St.
Roberto Casado,"Elizabeth, NJ",3491089976,5 Elm Way
Clementina Moultrie,"Middletown, CT",8818182000,5 Deandre St.
Caroll Saari,"Ridgewood, NJ",9595571154,7 Train Ave.
Margo Faunce,"New City, NY",6290118166,58 Dolphin Way
Stuart Delman,"New Brunswick, NJ",2138236165,4 Second Dr.
Steffanie Titcomb,"Middletown, CT",7111724076,5 Son Rd.
Lashaun Footman,"Hicksville, NY",6531736359,254 Brine St.
Treena Puig,"Hicksville, NY",5414578644,68 Blue St.
Minda Bostick,"Clifton, NJ",7431306367,1 Elmer Harvot Rd.
Jefferey Chavous,"Long Beach, NY",8432252808,49 Hennesey Rd.
Ethelene Schimke,"Livingston, NJ",9724740883,623 Nordic St.
Vicente Hintzen,"Hamden, CT",3319380574,18 Reel Dr.
Macie Ruple,"Morristown, NJ",9088800842,745 Rite Rd.
Shea Lamoureaux,"Summit, NJ",1325507768,781 Dire Rd.
Rosalyn Mestas,"Long Beach, NY",7839243194,34 Muy Ave.
Lamar Munoz,"Long Island, NY",6224651341,964 Scorpion Rd.
Donnette Skipper,"Piscataway, NJ",8911510840,351 Dreama Rd.
Hollis Ybarbo,"Union, NJ",6935614473,497 Latricia Rd.
Duncan Olin,"Spring Valley, NY",5755532131,2 Scape Hija Way
Fabiola Molden,"Tarrytown, NY",9737815932,34 Wave Ave.
Anissa Matherly,"New Rochelle, NY",9270139725,67 Grill St.
Marine Fagundes,"New City, NY",4463034188,8 Corine Ave.
Ethyl Selke,"Livingston, NJ",5435018652,246 Baker Canvas Rd.
Dwain Imai,"Commack, NY",6993261906,729 Apple Yellow St.
Lisabeth Gethers,"Yonkers, NY",6873061640,92 Amalia Ave.
Cara Harner,"Nanuet, NY",4531214650,5 Blonde Canada St.
Lois Bones,"Staten Island, NY",4766533693,272 Grill Dr.
Augustus Helget,"Manhattan, NY",6152141933,82 Deer Dr.
Rupert Rothschild,"White Plains, NY",8396763605,688 Wast Goose St.
Augustus Hassen,"Staten Island, NY",9718697565,931 Elmest Rd.
Coy Coger,"New City, NY",1949594564,3 Ago St.
Marcus Griffin,"Commack, NY",8541720386,2 Gift Rd.
Janel Hersman,"New Brunswick, NJ",3897500658,1 Dist Rd.
Jeanmarie Vanness,"Queens, NY",7585500792,6 Ridge Ave.
Hanh Poll,"Piscataway, NJ",3490441815,4 Memory St.
Jacki Zielinski,"Plainfield, NJ",7238430068,64 Comit Way
Brooke Warner,"Ridgewood, NJ",3516529859,257 Rice Ave.
Santina Auten,"Spring Valley, NY",1576319353,45 Pole Ave.
Kattie Waldrop,"Hempstead, NY",6287806477,74 Heat Ave.
Jonathan Straub,"Livingston, NJ",5425620298,214 Pen Rd.
Angelika Servais,"Hackensack, NJ",6719568775,7 Alaina Fire St.
Kristian Gillies,"White Plains, NY",4623779700,726 Reel Ave.
Luella Shoemake,"Middletown, CT",6879072935,686 Hija Ave.
Bettyann Stelter,"Madison, CT",9851572978,45 Heat Dr.
Izetta Sullivan,"New Brunswick, NJ",1570038151,23 Taam St.
Joye Deangelo,"Nanuet, NY",7430638135,3 Miller Hija Way
Noemi Gearheart,"Newark, NJ",8679110969,71 Oust Rd.
Laveta Uplinger,"Hamden, CT",9709876416,74 Taylor St.
Charmain Stenberg,"Spring Valley, NY",1962921760,59 Vine Rd.
Gerry Postma,"Morristown, NJ",2226768202,27 Hold St.
Coy Bjelland,"Union, NJ",8038470950,4 Hennesey St.
Meredith Singleterry,"Smithtown, NY",7603911732,33 Ago Way
Alida Spurgin,"Ridgewood, NJ",3996669412,7 Duke Fone Dr.
Andre Sams,"Ridgewood, NJ",8607846567,487 Oversee Way
Tory Dever,"Livingston, NJ",5434784438,77 Hay Rd.
Felisa Fleetwood,"Milford, CT",8523438058,443 Flash Plane Dr.
Ivy Morlan,"Ridgewood, NJ",2610341532,7 Hire Way
Eula Elvira,"New Brunswick, NJ",1355658222,887 Ben St.
Lula Swilley,"Morristown, NJ",2946823474,14 Sailor St.
Kelsey Brittain,"Plainfield, NJ",2192088662,9 Taylor Way
Vickie Garvin,"New Rochelle, NY",5795678706,992 Bois Rd.
Angele Scheck,"New City, NY",7646822906,4 Donte Rd.
Jessia Dowd,"Tarrytown, NY",8369663618,374 Built St.
Hans Stines,"Commack, NY",3488374135,1 Allt Way
Sharmaine Boren,"Long Island, NY",4619772072,19 Stone Dr.
Tracy Dull,"Paramus, NJ",7691539105,1 Mirror Way
Kelsi Winnie,"Nanuet, NY",7694689427,97 Idel Dr.
Ilona Reding,"Harrison, NY",1500528506,8 Room Way
Versie Tebbs,"Tarrytown, NY",7468255682,6 Dreama Dr.
Mayra Granier,"Milford, CT",4478100751,3 Ceen St.
Tomiko Mcpheeters,"Livingston, NJ",2316468194,9 Tooth Rd.
Roosevelt Gassaway,"Hempstead, NY",5193899900,689 Bone Well Rd.
Zoraida Hutchinson,"Plainfield, NJ",6301096643,1 Trope Rd.
Cecil Stillings,"Madison, CT",1657679022,8 Deandre Way
Ronny Kuether,"Brooklyn, NY",3094504296,74 Sixth Way
Julio Brannum,"Plainfield, NJ",6227163902,7 Afts St.
Meredith Gobeil,"Summit, NJ",3419320865,5 Bone Marc Way
Albert Wentworth,"Morristown, NJ",2293677458,8 Pack Ave.
Shera Cacciatore,"Tarrytown, NY",8932079082,346 Breath Ave.
Jesus Rosado,"Spring Valley, NY",4475520311,919 Dire Rd.
Yasmin Ronco,"Commack, NY",8800936449,7 Mirror Dr.
Mose Sedberry,"Hicksville, NY",8941371697,89 Gone Dr.
Takisha Delia,"Clifton, NJ",5811615434,1 Tron Ave.
Maryann Rankin,"Commack, NY",1156539486,97 Ouh St.
Dana Xu,"Bridgeport, CT",1652812141,4 Iht Dr.
Cathern Gateley,"Middletown, CT",4516576271,62 Shiny Horn Ave.
Aurelio Melrose,"New Brunswick, NJ",2059256261,17 Cone St.
Alysa Laplant,"Union, NJ",3586133609,513 Swing Dr.
Jake Vanpatten,"Brooklyn, NY",9640717496,69 Night Dr.
Benedict Rackers,"Nanuet, NY",8144864003,2 Lekisha Ave.
Kemberly Giordano,"Manhattan, NY",4339435590,9 Eve Dr.
Sixta Arzu,"Bridgeport, CT",7584612533,9 Rabbit St.
Ling Croley,"Harrison, NY",4888742809,94 Gucci Way
Nga Kerekes,"Middletown, CT",6312277600,699 Bud Rd.
Wesley Lafollette,"Commack, NY",7240977277,25 Dory St.
Layne Seely,"Milford, CT",9173108330,91 Donte St.
Jutta Andrzejewski,"Edison, NJ",3360597222,557 Hen St.
Christal Richarson,"Piscataway, NJ",5521325844,96 Hole Gee Rd.
Florentina Matson,"New York, NY",3938916005,139 Blunt Ave.
Doloris Rasco,"Garden City, NY",3399386307,5 Jey Canvas Dr.
Yasuko Beer,"Middletown, CT",6131422593,82 Tame St.
Ehtel Remy,"Paterson, NJ",3948796701,991 Keiko Ave.
Brant Rodi,"Stamford, CT",3919891925,5 Coast St.
Gonzalo Lester,"Bridgeport, CT",9075154811,3 Sheen Ave.
Lyndon Dickert,"Hackensack, NJ",3910002538,9 Quilt Rd.
Tom Brickey,"Edison, NJ",7839079895,343 Tone Way
Kenda Touchet,"Ramsey, NJ",3363030312,336 Prince Rd.
Tenesha Kloster,"Edison, NJ",6454948242,72 Font St.
Mafalda Barcomb,"Hackensack, NJ",6656126908,5 Gone St.
Lavinia Trojanowski,"Piscataway, NJ",5493233857,93 Born St.
Dinah July,"Middletown, CT",2830229735,72 Paint St.
Larraine Snipes,"Middletown, CT",3673479542,386 Horn Rd.
Cassie Sak,"Brooklyn, NY",2182031836,28 Elly Ave.
Lucas Croyle,"Norwalk, CT",7500666950,58 Canvas Polo Way
Robt Packard,"Morristown, NJ",9467277652,1 Sin Way
Darin Weekes,"New City, NY",2247410328,341 Jey Tango St.
Molly Self,"Plainfield, NJ",8542906296,39 Comit Rd.
Ivette Stem,"Plainfield, NJ",4544192860,36 Geicko Ave.
Karey Tietjen,"Middletown, CT",2457651793,49 Supreme St.
Celeste Laguardia,"Clifton, NJ",2552229090,5 Bind Duke Ave.
Cristine Yeldell,"Hicksville, NY",1072459898,917 Hole Falcon Way
Juana Torkelson,"Newark, NJ",2791049909,714 Chris Rd.
Eliseo Morra,"Bronx, NY",8144969357,7 Blunt Way
Sharda Branson,"Brooklyn, NY",7522553240,19 Eot St.
Aldo Hoffman,"Warren, NJ",7939378281,39 Polo Dr.
Coreen Angelo,"Paterson, NJ",6710976033,6 Cone St.
Ingrid Ortman,"East Brunswick, NJ",1743661451,532 Cone St.
Robert Balk,"Summit, NJ",6684800754,155 Gang Yellow St.
Heidi Burry,"Hempstead, NY",6714973783,3 Dread Ave.
Ebonie Demeter,"Piscataway, NJ",7263023032,539 Peace Way
Charissa Lyke,"Commack, NY",4096517055,8 Gallow Way
Roman Lees,"Summit, NJ",3349378384,392 Dory Rd.
Mac Sorg,"Ridgewood, NJ",7431021100,7 Jasper Rd.
Zonia Schack,"White Plains, NY",3576614054,46 Muy St.
Jackelyn Gatchell,"Bridgeport, CT",1281815220,495 Mist Ave.
Aracely Legrand,"Union, NJ",9858433165,22 Night Ave.
Tonda Dau,"Morristown, NJ",3008062394,95 Eye Dr.
Adrianna Carstens,"Edison, NJ",8023370344,31 Bonita Verga St.
Sena Farnham,"Smithtown, NY",5382737671,425 Rico St.
Arielle Gash,"Bridgeport, CT",4173481987,623 Mioe Rd.
Flora Valderas,"Commack, NY",4330694072,49 Brine Rd.
Evie Fisk,"Middletown, CT",8961108576,574 Alaina Plain St.
Michelle Lanphere,"Morristown, NJ",9313476337,8 Cynthia Rd.
Jeanene Student,"New Rochelle, NY",3860553373,84 Chris St.
Marget Olivas,"Union, NJ",8046947753,84 Orant Ave.
Noah Suzuki,"Hempstead, NY",6215676414,8 Ridge St.
Rufus Pulaski,"Huntington, NY",9237640169,64 Altimar St.
Alayna Goode,"New Haven, CT",4590770252,437 Cynthia St.
Annalee Keeth,"New City, NY",4593723692,675 Night Dr.
Fumiko Patlan,"Huntington, NY",7204711432,336 Stone Rd.
Gigi Mcewan,"Staten Island, NY",7658087490,914 Tock Ave.
Yolanda Kirst,"Queens, NY",5533987215,25 Bridge St.
Danial Yurick,"New Brunswick, NJ",9927691889,8 Ridge Way
Lindy League,"Middletown, CT",2120839321,279 Ole Way
Joelle Meza,"New York, NY",1420701078,1 Lone Way
Estefana Lasch,"Edison, NJ",4742569506,31 Pest Dr.
Gina Weigel,"Paterson, NJ",9878590031,8 Ouyy Way
Leslee Ortegon,"Piscataway, NJ",1268711238,68 When Way
Sammy Michaelsen,"Hamden, CT",3569679558,296 Lavonda St.
Siu Adcox,"Nanuet, NY",8948921689,2 Chine Rd.
Kayce Pitzen,"Paramus, NJ",2999407023,53 Rest Rd.
Leila Kravitz,"Morristown, NJ",2866077671,83 Beamer Ave.
Christopher Provence,"New Brunswick, NJ",7613305284,536 Ahye Way
Elba Bissett,"Madison, CT",9996015870,372 High Way
Retta Rodrigues,"Ridgewood, NJ",7233987381,4 Peen Ave.
Marta Emerick,"Piscataway, NJ",1814230368,6 Shine Way
Lakeesha Ellender,"Ridgewood, NJ",7560206212,3 Ridge Dr.
Giovanny Malsam,"Yonkers, NY",6330816484,39 Yeet St.
Lynnette Ferree,"Stamford, CT",1110518911,294 Stane Rd.
Ty Herbert,"Commack, NY",9421020013,299 Ripple Way
Mikaela Nosal,"Plainfield, NJ",6425323817,2 Lilly Skies Ave.
Latia Blaney,"Stamford, CT",3213387040,6 Bone Supreme Ave.
Claretta Mattes,"Paramus, NJ",6361567691,37 Shirlene Way
Eunice Owusu,"Huntington, NY",3193255257,3 Rice Way
Youlanda Avallone,"Morristown, NJ",1464457533,9 Front Rd.
Adriane Boaz,"Garden City, NY",5642005300,81 Train St.
Alica Socia,"Hamden, CT",3894250794,4 Whitley Dr.
Bev Mund,"Huntington, NY",1256805068,55 Dory Rd.
Kristi Yokum,"Ridgewood, NJ",9016624894,465 Shop Rd.
Minda Shake,"Milford, CT",2662312586,4 Alk Beamer Dr.
Gaylene Manuelito,"Morristown, NJ",8097059705,684 Case Rd.
Athena Charlesworth,"Newark, NJ",7968550543,6 Darius Dr.
Nga Blea,"Plainfield, NJ",7763826502,99 Mist Dr.
Ollie Harren,"Piscataway, NJ",1890535145,386 Goyard Ave.
Kera Person,"Middletown, CT",6803756613,481 Shiny Lake St.
Malik Lanza,"Manhattan, NY",3387153236,2 Heat Way
Patricia Faries,"Spring Valley, NY",7739993006,89 Alaina Gucci Way
Tom Laub,"Harrison, NY",2914993937,761 Scorpion St.
Agueda Treat,"Tarrytown, NY",2305300835,412 Bar Rd.
Sylvie Deines,"New Brunswick, NJ",5846733054,87 College Way
Trista Journey,"Hicksville, NY",5889982613,785 Sixth St.
Chris Stice,"Huntington, NY",6569964258,6 Cherry Way
Lola Goings,"New York, NY",8861837522,74 Eye Dr.
Cassaundra Lebowitz,"Milford, CT",7376538372,53 Shop Rd.
Jarvis Hambleton,"Plainfield, NJ",3857839993,2 Bushes Way
Arlie Pinion,"Ridgewood, NJ",5148788857,759 Shaquita St.
Era Thorington,"Paramus, NJ",4941443250,737 Summer Rd.
Kasha Dimatteo,"Commack, NY",2320660228,5 Hijo Rd.
Violeta Durbin,"Tarrytown, NY",8165822270,5 Ream Way
Shanon Dermody,"New York, NY",6213947708,67 Al St.
Sherie Donofrio,"Hartford, CT",8717891396,7 Duke Marc St.
Nickie Blakemore,"Garden City, NY",3802408757,3 Cynthia Rd.
Shu Ruggerio,"Bridgeport, CT",9267760840,3 Bud Rd.
Cameron Almaguer,"New York, NY",2296691622,762 Reel Dr.
Mamie Vidrine,"Paterson, NJ",7139254033,525 Eladia Ave.
Saul Scipio,"Bridgeport, CT",4301400499,3 Apple Summer St.
Dalia Lindsay,"Middletown, CT",5036404554,52 Rico St.
Alica Arriola,"Commack, NY",9178522363,44 Lent Ave.
Tomi Hibbitts,"Bronx, NY",8218009404,24 Room Dr.
Angla Stookey,"Yonkers, NY",5272579145,516 Supreme St.
Shan Truelove,"Brooklyn, NY",3046225682,897 Spoon Way
Eugenie Palmore,"Harrison, NY",4954119853,24 Rice Way
Ciara Cerrato,"Milford, CT",9759196971,214 Yallre Dr.
Kimberli Darrow,"Edison, NJ",1099948278,46 Hone Rd.
Orville Critchlow,"Livingston, NJ",3482954993,29 York Ave.
Nichol Havel,"Norwalk, CT",6307614997,4 Dark Dr.
Rocco Dollinger,"Hartford, CT",1652838038,147 Middle St.
Lynette Towers,"Middletown, CT",1838518332,8 Phi St.
Sharon Eber,"Stamford, CT",4237720671,567 Deer Rd.
Madeleine Vanbrunt,"Milford, CT",9300145585,484 Brist St.
Leia Larkin,"Staten Island, NY",4786707124,448 Quilt St.
Zachery Emmanuel,"Huntington, NY",2965661299,64 Peelo Ave.
Jan Amis,"Paterson, NJ",4347647432,6 Wast Blue Rd.
Pa Rafter,"Hicksville, NY",4020471028,317 Were Dr.
Demetrice Prom,"Middletown, CT",1278894663,55 Teem Green Way
Rhett Doner,"Summit, NJ",8279247972,39 Rite Rd.
Jewell Curci,"Piscataway, NJ",4886751898,948 Stone Dr.
Carolee Studdard,"Ramsey, NJ",5907877544,4 Orant Ave.
Merlene Mattison,"Paramus, NJ",6284770451,5 Eagle Ave.
Fredrick Terrones,"Yonkers, NY",8235499606,5 Chin Dr.
Audrie Westfall,"Morristown, NJ",8183177854,86 Shine Way
Mina Hertz,"Warren, NJ",5003530417,7 Were Dr.
Patrica Crowder,"New Brunswick, NJ",8399270138,82 Muy St.
Blake Guion,"Long Island, NY",6629895144,9 Bind North St.
Olin Brant,"Commack, NY",6954900548,7 Chin Rd.
Irving Plumlee,"New York, NY",7598240193,2 Youth Dr.